timeWeight,distanceWeight,directionWeight,n runs,n events,n correlated runs,n wrong correlations
0,0,0,1,12,1,0
0,0,0,5,148,5,0
0,0,0,10,610,10,348
0,0,0,20,721,20,138
0,0,0,50,2286,46,1173
0,0,0,100,4732,81,3011
0,0,0,1,25,1,0
0,0,0,5,234,6,56
0,0,0,10,601,10,12
0,0,0,20,971,17,214
0,0,0,50,1907,40,923
0,0,0,100,5373,74,3601
0,0,0,1,117,1,0
0,0,0,5,355,7,0
0,0,0,10,556,11,59
0,0,0,20,1057,19,164
0,0,0,50,2276,41,1221
0,0,0,100,5209,84,3391
0,0,0,1,97,1,0
0,0,0,5,251,5,0
0,0,0,10,435,10,0
0,0,0,20,713,16,300
0,0,0,50,2299,39,1157
0,0,0,100,4427,70,2801
0,0,0,1,55,1,0
0,0,0,5,211,5,0
0,0,0,10,318,9,13
0,0,0,20,813,17,343
0,0,0,50,2096,42,851
0,0,0,100,4851,64,3585
0,0,0.25,1,43,1,0
0,0,0.25,5,332,5,0
0,0,0.25,10,591,10,14
0,0,0.25,20,1016,18,405
0,0,0.25,50,2313,46,947
0,0,0.25,100,4626,63,3415
0,0,0.25,1,21,1,0
0,0,0.25,5,191,5,0
0,0,0.25,10,459,10,27
0,0,0.25,20,1050,19,334
0,0,0.25,50,2286,41,1013
0,0,0.25,100,4610,78,3345
0,0,0.25,1,16,1,0
0,0,0.25,5,157,5,0
0,0,0.25,10,275,9,18
0,0,0.25,20,803,20,106
0,0,0.25,50,2180,34,1258
0,0,0.25,100,4863,68,3427
0,0,0.25,1,19,1,0
0,0,0.25,5,222,5,0
0,0,0.25,10,525,12,42
0,0,0.25,20,1022,20,383
0,0,0.25,50,2113,39,1009
0,0,0.25,100,4568,65,3119
0,0,0.25,1,13,1,0
0,0,0.25,5,352,5,3
0,0,0.25,10,255,10,14
0,0,0.25,20,800,20,221
0,0,0.25,50,2282,46,1114
0,0,0.25,100,4532,67,3058
0,0,0.5,1,12,1,0
0,0,0.5,5,91,5,0
0,0,0.5,10,413,7,66
0,0,0.5,20,1082,19,161
0,0,0.5,50,2609,42,1595
0,0,0.5,100,4757,67,3228
0,0,0.5,1,15,1,0
0,0,0.5,5,261,5,0
0,0,0.5,10,521,12,99
0,0,0.5,20,1375,20,281
0,0,0.5,50,2674,37,1494
0,0,0.5,100,4995,64,3256
0,0,0.5,1,13,1,0
0,0,0.5,5,125,5,0
0,0,0.5,10,396,17,79
0,0,0.5,20,1017,21,238
0,0,0.5,50,2681,38,1329
0,0,0.5,100,4970,76,3354
0,0,0.5,1,62,1,0
0,0,0.5,5,311,6,0
0,0,0.5,10,381,8,86
0,0,0.5,20,1171,19,379
0,0,0.5,50,2251,34,1442
0,0,0.5,100,4964,67,3633
0,0,0.5,1,16,1,0
0,0,0.5,5,228,4,120
0,0,0.5,10,457,9,137
0,0,0.5,20,1121,20,235
0,0,0.5,50,2667,37,1535
0,0,0.5,100,4654,67,3376
0,0,0.75,1,215,1,0
0,0,0.75,5,281,4,65
0,0,0.75,10,877,12,160
0,0,0.75,20,776,16,134
0,0,0.75,50,2370,51,1207
0,0,0.75,100,4654,64,3054
0,0,0.75,1,16,1,0
0,0,0.75,5,211,5,16
0,0,0.75,10,424,11,17
0,0,0.75,20,1137,17,279
0,0,0.75,50,1903,37,789
0,0,0.75,100,4563,82,2882
0,0,0.75,1,49,1,0
0,0,0.75,5,182,5,0
0,0,0.75,10,649,10,65
0,0,0.75,20,924,20,279
0,0,0.75,50,2061,38,1065
0,0,0.75,100,5033,62,3618
0,0,0.75,1,122,1,0
0,0,0.75,5,205,6,20
0,0,0.75,10,291,10,37
0,0,0.75,20,756,13,326
0,0,0.75,50,2147,36,1005
0,0,0.75,100,4906,64,3554
0,0,0.75,1,19,1,0
0,0,0.75,5,162,5,5
0,0,0.75,10,607,10,104
0,0,0.75,20,926,22,410
0,0,0.75,50,2044,38,917
0,0,0.75,100,5069,79,3451
0,0,1,1,11,1,0
0,0,1,5,199,5,0
0,0,1,10,691,9,239
0,0,1,20,637,18,198
0,0,1,50,2280,41,1243
0,0,1,100,5289,74,3742
0,0,1,1,13,1,0
0,0,1,5,122,6,18
0,0,1,10,235,10,5
0,0,1,20,1209,22,379
0,0,1,50,2022,38,1129
0,0,1,100,4360,63,3027
0,0,1,1,53,1,0
0,0,1,5,297,5,0
0,0,1,10,426,10,24
0,0,1,20,683,16,200
0,0,1,50,2386,44,918
0,0,1,100,4893,78,3353
0,0,1,1,56,1,0
0,0,1,5,256,7,63
0,0,1,10,625,10,32
0,0,1,20,866,17,211
0,0,1,50,1925,39,906
0,0,1,100,5441,72,4011
0,0,1,1,18,1,0
0,0,1,5,175,5,0
0,0,1,10,348,10,52
0,0,1,20,833,20,81
0,0,1,50,2439,42,1440
0,0,1,100,5094,65,3856
0,0.25,0,1,11,1,0
0,0.25,0,5,382,5,0
0,0.25,0,10,332,10,60
0,0.25,0,20,849,20,43
0,0.25,0,50,2051,35,1129
0,0.25,0,100,5384,63,3422
0,0.25,0,1,22,1,0
0,0.25,0,5,156,5,0
0,0.25,0,10,437,10,4
0,0.25,0,20,1600,19,395
0,0.25,0,50,2762,45,1334
0,0.25,0,100,4417,59,2926
0,0.25,0,1,17,1,0
0,0.25,0,5,109,3,42
0,0.25,0,10,466,9,81
0,0.25,0,20,1284,18,513
0,0.25,0,50,2524,40,1053
0,0.25,0,100,5650,55,3832
0,0.25,0,1,61,1,0
0,0.25,0,5,137,6,0
0,0.25,0,10,390,12,8
0,0.25,0,20,847,20,201
0,0.25,0,50,2661,44,1055
0,0.25,0,100,5140,59,3456
0,0.25,0,1,60,1,0
0,0.25,0,5,346,4,35
0,0.25,0,10,525,8,104
0,0.25,0,20,788,16,194
0,0.25,0,50,2163,31,1260
0,0.25,0,100,4978,58,3149
0,0.25,0.25,1,50,1,0
0,0.25,0.25,5,175,5,0
0,0.25,0.25,10,461,9,117
0,0.25,0.25,20,1282,19,324
0,0.25,0.25,50,2608,41,1120
0,0.25,0.25,100,5603,62,3578
0,0.25,0.25,1,61,1,0
0,0.25,0.25,5,236,5,0
0,0.25,0.25,10,345,10,0
0,0.25,0.25,20,1241,15,442
0,0.25,0.25,50,2522,31,1232
0,0.25,0.25,100,5065,54,3410
0,0.25,0.25,1,12,1,0
0,0.25,0.25,5,139,5,0
0,0.25,0.25,10,695,10,164
0,0.25,0.25,20,711,17,209
0,0.25,0.25,50,2520,36,1139
0,0.25,0.25,100,4743,60,3295
0,0.25,0.25,1,48,1,0
0,0.25,0.25,5,384,5,27
0,0.25,0.25,10,867,11,191
0,0.25,0.25,20,931,20,224
0,0.25,0.25,50,2294,30,1301
0,0.25,0.25,100,4853,59,2901
0,0.25,0.25,1,13,1,0
0,0.25,0.25,5,177,4,25
0,0.25,0.25,10,547,13,23
0,0.25,0.25,20,860,16,189
0,0.25,0.25,50,2151,31,1009
0,0.25,0.25,100,4396,61,2731
0,0.25,0.5,1,79,1,0
0,0.25,0.5,5,189,4,30
0,0.25,0.5,10,368,11,0
0,0.25,0.5,20,832,18,416
0,0.25,0.5,50,2566,40,1281
0,0.25,0.5,100,4714,67,3197
0,0.25,0.5,1,16,1,0
0,0.25,0.5,5,254,6,0
0,0.25,0.5,10,578,11,112
0,0.25,0.5,20,995,17,292
0,0.25,0.5,50,2203,33,1171
0,0.25,0.5,100,5324,65,3347
0,0.25,0.5,1,158,1,0
0,0.25,0.5,5,385,5,2
0,0.25,0.5,10,535,11,120
0,0.25,0.5,20,734,14,323
0,0.25,0.5,50,2108,36,1013
0,0.25,0.5,100,4368,57,2827
0,0.25,0.5,1,59,2,0
0,0.25,0.5,5,158,5,0
0,0.25,0.5,10,552,11,2
0,0.25,0.5,20,1040,20,235
0,0.25,0.5,50,2516,32,1494
0,0.25,0.5,100,4612,60,3237
0,0.25,0.5,1,31,1,0
0,0.25,0.5,5,408,6,0
0,0.25,0.5,10,642,10,5
0,0.25,0.5,20,1165,18,488
0,0.25,0.5,50,2262,35,1064
0,0.25,0.5,100,4691,73,2707
0,0.25,0.75,1,12,1,0
0,0.25,0.75,5,318,4,13
0,0.25,0.75,10,500,11,92
0,0.25,0.75,20,1011,16,461
0,0.25,0.75,50,2461,44,1192
0,0.25,0.75,100,4366,58,2722
0,0.25,0.75,1,17,1,0
0,0.25,0.75,5,269,4,39
0,0.25,0.75,10,585,7,173
0,0.25,0.75,20,1214,20,443
0,0.25,0.75,50,2018,43,896
0,0.25,0.75,100,4658,63,2983
0,0.25,0.75,1,55,1,0
0,0.25,0.75,5,205,5,0
0,0.25,0.75,10,728,10,129
0,0.25,0.75,20,646,19,91
0,0.25,0.75,50,2659,36,1504
0,0.25,0.75,100,4733,62,3140
0,0.25,0.75,1,48,1,0
0,0.25,0.75,5,117,4,13
0,0.25,0.75,10,564,10,90
0,0.25,0.75,20,1189,25,482
0,0.25,0.75,50,2592,40,1141
0,0.25,0.75,100,4439,59,3084
0,0.25,0.75,1,24,1,0
0,0.25,0.75,5,169,5,50
0,0.25,0.75,10,544,11,85
0,0.25,0.75,20,857,18,107
0,0.25,0.75,50,2135,37,821
0,0.25,0.75,100,5169,62,3667
0,0.25,1,1,55,1,0
0,0.25,1,5,199,4,54
0,0.25,1,10,208,11,44
0,0.25,1,20,1397,16,500
0,0.25,1,50,2283,39,988
0,0.25,1,100,4349,58,2907
0,0.25,1,1,105,1,0
0,0.25,1,5,234,5,45
0,0.25,1,10,429,10,53
0,0.25,1,20,1149,17,488
0,0.25,1,50,2112,42,991
0,0.25,1,100,4678,60,3231
0,0.25,1,1,33,1,0
0,0.25,1,5,183,5,0
0,0.25,1,10,578,11,6
0,0.25,1,20,958,18,282
0,0.25,1,50,2145,41,824
0,0.25,1,100,5216,69,3718
0,0.25,1,1,32,1,0
0,0.25,1,5,268,5,103
0,0.25,1,10,492,12,59
0,0.25,1,20,973,21,159
0,0.25,1,50,2059,41,740
0,0.25,1,100,4799,58,3341
0,0.25,1,1,60,1,0
0,0.25,1,5,308,5,0
0,0.25,1,10,525,11,86
0,0.25,1,20,1012,18,249
0,0.25,1,50,2500,38,1381
0,0.25,1,100,5730,70,3967
0,0.5,0,1,48,1,0
0,0.5,0,5,280,5,0
0,0.5,0,10,608,8,230
0,0.5,0,20,1290,18,224
0,0.5,0,50,2680,36,1426
0,0.5,0,100,4895,54,3431
0,0.5,0,1,68,1,0
0,0.5,0,5,169,5,0
0,0.5,0,10,612,9,119
0,0.5,0,20,981,18,156
0,0.5,0,50,2610,34,1628
0,0.5,0,100,4972,57,3337
0,0.5,0,1,16,1,0
0,0.5,0,5,266,6,0
0,0.5,0,10,303,11,10
0,0.5,0,20,744,19,136
0,0.5,0,50,2228,34,1153
0,0.5,0,100,4625,58,3334
0,0.5,0,1,74,1,0
0,0.5,0,5,213,4,64
0,0.5,0,10,610,9,96
0,0.5,0,20,1026,17,430
0,0.5,0,50,2260,33,1083
0,0.5,0,100,4937,60,3277
0,0.5,0,1,18,1,0
0,0.5,0,5,404,6,0
0,0.5,0,10,433,9,71
0,0.5,0,20,1335,19,127
0,0.5,0,50,2359,40,950
0,0.5,0,100,5201,60,3325
0,0.5,0.25,1,29,1,0
0,0.5,0.25,5,268,5,0
0,0.5,0.25,10,591,8,329
0,0.5,0.25,20,1009,17,159
0,0.5,0.25,50,2947,40,1467
0,0.5,0.25,100,4876,65,3165
0,0.5,0.25,1,58,1,0
0,0.5,0.25,5,210,4,41
0,0.5,0.25,10,406,10,0
0,0.5,0.25,20,858,15,354
0,0.5,0.25,50,2414,38,1008
0,0.5,0.25,100,4299,61,2710
0,0.5,0.25,1,75,2,0
0,0.5,0.25,5,215,6,0
0,0.5,0.25,10,441,10,3
0,0.5,0.25,20,997,17,242
0,0.5,0.25,50,2217,41,1097
0,0.5,0.25,100,5193,59,3225
0,0.5,0.25,1,36,1,0
0,0.5,0.25,5,126,4,36
0,0.5,0.25,10,720,10,30
0,0.5,0.25,20,866,16,344
0,0.5,0.25,50,2187,37,840
0,0.5,0.25,100,4652,55,3206
0,0.5,0.25,1,50,1,0
0,0.5,0.25,5,132,5,0
0,0.5,0.25,10,312,9,71
0,0.5,0.25,20,826,22,189
0,0.5,0.25,50,2741,38,1377
0,0.5,0.25,100,5114,75,3212
0,0.5,0.5,1,44,1,0
0,0.5,0.5,5,299,6,4
0,0.5,0.5,10,728,11,15
0,0.5,0.5,20,1010,16,321
0,0.5,0.5,50,2814,38,1449
0,0.5,0.5,100,4469,54,3094
0,0.5,0.5,1,15,1,0
0,0.5,0.5,5,167,5,1
0,0.5,0.5,10,728,11,24
0,0.5,0.5,20,1316,20,220
0,0.5,0.5,50,2587,36,1406
0,0.5,0.5,100,4266,55,2769
0,0.5,0.5,1,52,1,0
0,0.5,0.5,5,361,7,40
0,0.5,0.5,10,428,9,94
0,0.5,0.5,20,1043,17,258
0,0.5,0.5,50,1944,41,616
0,0.5,0.5,100,4440,57,2685
0,0.5,0.5,1,32,1,0
0,0.5,0.5,5,136,5,0
0,0.5,0.5,10,315,8,98
0,0.5,0.5,20,792,17,153
0,0.5,0.5,50,2252,35,1170
0,0.5,0.5,100,4365,59,2823
0,0.5,0.5,1,161,1,0
0,0.5,0.5,5,355,5,1
0,0.5,0.5,10,329,11,12
0,0.5,0.5,20,955,19,85
0,0.5,0.5,50,2263,34,1124
0,0.5,0.5,100,4875,64,3279
0,0.5,0.75,1,13,1,0
0,0.5,0.75,5,214,5,0
0,0.5,0.75,10,463,11,50
0,0.5,0.75,20,878,17,232
0,0.5,0.75,50,2650,38,1576
0,0.5,0.75,100,4851,68,3258
0,0.5,0.75,1,60,1,0
0,0.5,0.75,5,123,5,0
0,0.5,0.75,10,641,12,18
0,0.5,0.75,20,1030,20,250
0,0.5,0.75,50,2151,38,1117
0,0.5,0.75,100,4702,62,3248
0,0.5,0.75,1,17,1,0
0,0.5,0.75,5,225,5,106
0,0.5,0.75,10,496,9,86
0,0.5,0.75,20,828,19,196
0,0.5,0.75,50,2293,35,1273
0,0.5,0.75,100,4580,63,2896
0,0.5,0.75,1,36,1,0
0,0.5,0.75,5,239,4,90
0,0.5,0.75,10,883,9,72
0,0.5,0.75,20,764,21,204
0,0.5,0.75,50,2410,40,994
0,0.5,0.75,100,4750,57,3155
0,0.5,0.75,1,76,1,0
0,0.5,0.75,5,174,5,0
0,0.5,0.75,10,247,11,37
0,0.5,0.75,20,1125,20,239
0,0.5,0.75,50,2408,33,1430
0,0.5,0.75,100,4741,59,2992
0,0.5,1,1,30,1,0
0,0.5,1,5,192,5,23
0,0.5,1,10,591,12,21
0,0.5,1,20,1013,17,343
0,0.5,1,50,2199,32,1076
0,0.5,1,100,5209,60,3481
0,0.5,1,1,49,1,0
0,0.5,1,5,262,5,0
0,0.5,1,10,588,9,184
0,0.5,1,20,1114,27,205
0,0.5,1,50,2123,41,1225
0,0.5,1,100,4738,71,3131
0,0.5,1,1,11,1,0
0,0.5,1,5,170,4,33
0,0.5,1,10,551,10,53
0,0.5,1,20,673,19,103
0,0.5,1,50,2427,39,1286
0,0.5,1,100,4161,71,2312
0,0.5,1,1,24,1,0
0,0.5,1,5,148,5,0
0,0.5,1,10,444,9,39
0,0.5,1,20,889,14,329
0,0.5,1,50,1873,38,824
0,0.5,1,100,5231,71,3141
0,0.5,1,1,87,1,0
0,0.5,1,5,224,5,0
0,0.5,1,10,447,11,14
0,0.5,1,20,1075,17,245
0,0.5,1,50,2456,36,1350
0,0.5,1,100,4299,58,2904
0,0.75,0,1,13,1,0
0,0.75,0,5,205,5,1
0,0.75,0,10,401,8,143
0,0.75,0,20,920,18,161
0,0.75,0,50,2272,37,1030
0,0.75,0,100,4321,57,2739
0,0.75,0,1,12,1,0
0,0.75,0,5,145,4,20
0,0.75,0,10,648,8,118
0,0.75,0,20,720,18,82
0,0.75,0,50,2259,37,1069
0,0.75,0,100,4875,66,3116
0,0.75,0,1,56,1,0
0,0.75,0,5,130,5,0
0,0.75,0,10,536,9,50
0,0.75,0,20,764,18,209
0,0.75,0,50,2383,32,1295
0,0.75,0,100,4538,56,2887
0,0.75,0,1,82,1,0
0,0.75,0,5,476,6,8
0,0.75,0,10,221,9,83
0,0.75,0,20,1027,14,624
0,0.75,0,50,2305,32,1231
0,0.75,0,100,5101,58,3644
0,0.75,0,1,29,1,0
0,0.75,0,5,169,5,0
0,0.75,0,10,605,8,29
0,0.75,0,20,998,21,123
0,0.75,0,50,2474,33,1255
0,0.75,0,100,5336,52,3743
0,0.75,0.25,1,39,1,0
0,0.75,0.25,5,346,4,149
0,0.75,0.25,10,497,8,45
0,0.75,0.25,20,948,20,114
0,0.75,0.25,50,2422,38,1429
0,0.75,0.25,100,4960,53,3483
0,0.75,0.25,1,14,1,0
0,0.75,0.25,5,243,5,22
0,0.75,0.25,10,557,8,94
0,0.75,0.25,20,938,19,246
0,0.75,0.25,50,1970,31,900
0,0.75,0.25,100,4700,59,3078
0,0.75,0.25,1,44,1,0
0,0.75,0.25,5,396,6,0
0,0.75,0.25,10,292,9,33
0,0.75,0.25,20,939,21,197
0,0.75,0.25,50,2834,39,1399
0,0.75,0.25,100,4926,59,3315
0,0.75,0.25,1,27,1,0
0,0.75,0.25,5,188,5,0
0,0.75,0.25,10,365,9,32
0,0.75,0.25,20,911,17,209
0,0.75,0.25,50,1789,34,758
0,0.75,0.25,100,4502,64,2918
0,0.75,0.25,1,32,1,0
0,0.75,0.25,5,238,5,0
0,0.75,0.25,10,327,11,1
0,0.75,0.25,20,636,15,137
0,0.75,0.25,50,2137,36,1033
0,0.75,0.25,100,4722,59,2866
0,0.75,0.5,1,35,1,0
0,0.75,0.5,5,179,6,0
0,0.75,0.5,10,280,8,31
0,0.75,0.5,20,932,18,344
0,0.75,0.5,50,2226,30,1239
0,0.75,0.5,100,4972,57,3517
0,0.75,0.5,1,236,2,0
0,0.75,0.5,5,167,5,0
0,0.75,0.5,10,512,10,146
0,0.75,0.5,20,974,18,397
0,0.75,0.5,50,2538,39,1269
0,0.75,0.5,100,4627,55,3085
0,0.75,0.5,1,55,1,0
0,0.75,0.5,5,195,5,9
0,0.75,0.5,10,478,8,236
0,0.75,0.5,20,790,15,395
0,0.75,0.5,50,2242,34,1226
0,0.75,0.5,100,5777,55,4192
0,0.75,0.5,1,108,1,0
0,0.75,0.5,5,229,3,108
0,0.75,0.5,10,495,10,3
0,0.75,0.5,20,817,18,158
0,0.75,0.5,50,2587,37,1394
0,0.75,0.5,100,5240,58,3548
0,0.75,0.5,1,28,1,0
0,0.75,0.5,5,126,5,0
0,0.75,0.5,10,284,11,0
0,0.75,0.5,20,1309,19,562
0,0.75,0.5,50,2401,34,1143
0,0.75,0.5,100,4864,67,3135
0,0.75,0.75,1,76,2,0
0,0.75,0.75,5,193,5,30
0,0.75,0.75,10,410,13,0
0,0.75,0.75,20,1159,18,490
0,0.75,0.75,50,2760,42,1203
0,0.75,0.75,100,4999,60,3478
0,0.75,0.75,1,54,1,0
0,0.75,0.75,5,250,5,13
0,0.75,0.75,10,529,10,42
0,0.75,0.75,20,1004,19,403
0,0.75,0.75,50,2716,35,1552
0,0.75,0.75,100,4293,58,2595
0,0.75,0.75,1,20,1,0
0,0.75,0.75,5,210,6,0
0,0.75,0.75,10,339,10,4
0,0.75,0.75,20,1091,15,375
0,0.75,0.75,50,2655,40,1185
0,0.75,0.75,100,4742,61,2815
0,0.75,0.75,1,11,1,0
0,0.75,0.75,5,162,5,0
0,0.75,0.75,10,499,9,82
0,0.75,0.75,20,878,19,240
0,0.75,0.75,50,2341,38,1264
0,0.75,0.75,100,4788,64,2824
0,0.75,0.75,1,16,1,0
0,0.75,0.75,5,160,4,19
0,0.75,0.75,10,494,11,87
0,0.75,0.75,20,1024,16,387
0,0.75,0.75,50,2831,40,1448
0,0.75,0.75,100,4485,61,2872
0,0.75,1,1,29,1,0
0,0.75,1,5,439,5,55
0,0.75,1,10,532,9,110
0,0.75,1,20,1004,21,373
0,0.75,1,50,2099,34,1054
0,0.75,1,100,4720,57,3309
0,0.75,1,1,28,1,0
0,0.75,1,5,203,4,11
0,0.75,1,10,410,9,17
0,0.75,1,20,923,14,382
0,0.75,1,50,2297,33,1225
0,0.75,1,100,4951,59,3227
0,0.75,1,1,15,1,0
0,0.75,1,5,179,4,35
0,0.75,1,10,596,10,33
0,0.75,1,20,1005,18,287
0,0.75,1,50,2376,37,1343
0,0.75,1,100,4268,58,2754
0,0.75,1,1,12,1,0
0,0.75,1,5,395,4,26
0,0.75,1,10,443,9,17
0,0.75,1,20,829,20,121
0,0.75,1,50,1910,35,1029
0,0.75,1,100,4394,55,2648
0,0.75,1,1,48,1,0
0,0.75,1,5,137,5,0
0,0.75,1,10,494,9,20
0,0.75,1,20,667,17,145
0,0.75,1,50,2042,38,835
0,0.75,1,100,5116,58,3520
0,1,0,1,32,1,0
0,1,0,5,274,5,0
0,1,0,10,560,12,43
0,1,0,20,858,18,127
0,1,0,50,2428,38,1168
0,1,0,100,4534,56,3022
0,1,0,1,17,1,0
0,1,0,5,178,5,0
0,1,0,10,382,11,16
0,1,0,20,717,17,246
0,1,0,50,1937,37,893
0,1,0,100,3746,53,2517
0,1,0,1,87,1,0
0,1,0,5,122,6,0
0,1,0,10,516,21,2
0,1,0,20,797,20,168
0,1,0,50,2312,42,841
0,1,0,100,5142,51,3638
0,1,0,1,65,1,0
0,1,0,5,233,5,67
0,1,0,10,403,11,34
0,1,0,20,878,17,230
0,1,0,50,2305,37,1006
0,1,0,100,4471,56,3000
0,1,0,1,21,1,0
0,1,0,5,442,5,0
0,1,0,10,734,11,5
0,1,0,20,1046,19,186
0,1,0,50,2204,39,1215
0,1,0,100,5079,57,3498
0,1,0.25,1,11,1,0
0,1,0.25,5,286,4,20
0,1,0.25,10,414,11,123
0,1,0.25,20,774,19,129
0,1,0.25,50,2188,37,719
0,1,0.25,100,4680,58,3227
0,1,0.25,1,139,1,0
0,1,0.25,5,423,5,21
0,1,0.25,10,666,11,78
0,1,0.25,20,760,17,163
0,1,0.25,50,2727,39,1325
0,1,0.25,100,4658,54,3145
0,1,0.25,1,11,1,0
0,1,0.25,5,251,7,0
0,1,0.25,10,473,8,133
0,1,0.25,20,924,15,262
0,1,0.25,50,2273,43,868
0,1,0.25,100,3953,48,2847
0,1,0.25,1,33,1,0
0,1,0.25,5,118,6,0
0,1,0.25,10,379,10,87
0,1,0.25,20,1103,16,329
0,1,0.25,50,2340,45,1047
0,1,0.25,100,5257,61,3755
0,1,0.25,1,82,1,0
0,1,0.25,5,213,4,44
0,1,0.25,10,377,11,32
0,1,0.25,20,781,17,256
0,1,0.25,50,2261,38,912
0,1,0.25,100,4479,65,3175
0,1,0.5,1,38,1,0
0,1,0.5,5,189,5,5
0,1,0.5,10,437,8,69
0,1,0.5,20,1031,18,393
0,1,0.5,50,2098,40,995
0,1,0.5,100,5353,59,3676
0,1,0.5,1,50,1,0
0,1,0.5,5,315,5,148
0,1,0.5,10,443,11,0
0,1,0.5,20,878,17,251
0,1,0.5,50,2272,30,1094
0,1,0.5,100,4972,57,3377
0,1,0.5,1,52,1,0
0,1,0.5,5,196,5,15
0,1,0.5,10,442,10,42
0,1,0.5,20,844,22,268
0,1,0.5,50,2468,37,1456
0,1,0.5,100,4550,48,3251
0,1,0.5,1,90,1,0
0,1,0.5,5,234,5,0
0,1,0.5,10,415,12,78
0,1,0.5,20,1247,18,355
0,1,0.5,50,1852,40,675
0,1,0.5,100,5211,62,3622
0,1,0.5,1,12,1,0
0,1,0.5,5,216,4,28
0,1,0.5,10,657,11,189
0,1,0.5,20,873,20,218
0,1,0.5,50,2642,39,1260
0,1,0.5,100,4632,62,2845
0,1,0.75,1,26,1,0
0,1,0.75,5,237,5,8
0,1,0.75,10,488,9,117
0,1,0.75,20,887,16,384
0,1,0.75,50,2610,39,1191
0,1,0.75,100,4760,60,3235
0,1,0.75,1,56,1,0
0,1,0.75,5,173,4,66
0,1,0.75,10,715,9,238
0,1,0.75,20,1146,20,244
0,1,0.75,50,2153,33,1062
0,1,0.75,100,6007,65,4036
0,1,0.75,1,54,1,0
0,1,0.75,5,236,5,0
0,1,0.75,10,322,10,5
0,1,0.75,20,933,17,368
0,1,0.75,50,2318,38,1329
0,1,0.75,100,4942,79,2734
0,1,0.75,1,41,1,0
0,1,0.75,5,288,5,0
0,1,0.75,10,344,9,72
0,1,0.75,20,722,18,89
0,1,0.75,50,2440,38,1257
0,1,0.75,100,4425,52,2993
0,1,0.75,1,11,1,0
0,1,0.75,5,294,9,0
0,1,0.75,10,380,9,13
0,1,0.75,20,882,15,440
0,1,0.75,50,2560,31,1495
0,1,0.75,100,4752,67,2766
0,1,1,1,56,1,0
0,1,1,5,275,6,0
0,1,1,10,705,9,28
0,1,1,20,1040,29,203
0,1,1,50,2343,35,1310
0,1,1,100,4854,61,3068
0,1,1,1,69,1,0
0,1,1,5,357,5,5
0,1,1,10,305,10,0
0,1,1,20,752,19,231
0,1,1,50,2366,43,1212
0,1,1,100,5149,61,3504
0,1,1,1,215,1,0
0,1,1,5,452,5,0
0,1,1,10,351,9,58
0,1,1,20,885,17,242
0,1,1,50,2582,36,1253
0,1,1,100,4841,66,3092
0,1,1,1,25,1,0
0,1,1,5,140,5,1
0,1,1,10,367,8,99
0,1,1,20,831,16,200
0,1,1,50,2195,47,965
0,1,1,100,4471,66,2626
0,1,1,1,11,1,0
0,1,1,5,347,4,15
0,1,1,10,461,10,38
0,1,1,20,1122,17,373
0,1,1,50,1978,34,934
0,1,1,100,5168,65,3372
0.25,0,0,1,46,1,0
0.25,0,0,5,170,5,0
0.25,0,0,10,718,11,87
0.25,0,0,20,711,18,361
0.25,0,0,50,2793,41,1648
0.25,0,0,100,4821,63,3272
0.25,0,0,1,30,3,0
0.25,0,0,5,280,6,0
0.25,0,0,10,493,10,97
0.25,0,0,20,863,17,302
0.25,0,0,50,2091,35,1204
0.25,0,0,100,4877,66,3412
0.25,0,0,1,38,1,0
0.25,0,0,5,140,5,8
0.25,0,0,10,373,10,30
0.25,0,0,20,775,17,166
0.25,0,0,50,2224,41,979
0.25,0,0,100,4518,67,2748
0.25,0,0,1,13,1,0
0.25,0,0,5,353,5,0
0.25,0,0,10,308,10,0
0.25,0,0,20,1016,19,150
0.25,0,0,50,2670,51,1475
0.25,0,0,100,5197,66,3627
0.25,0,0,1,46,1,0
0.25,0,0,5,368,5,0
0.25,0,0,10,605,9,87
0.25,0,0,20,851,18,276
0.25,0,0,50,2377,41,1181
0.25,0,0,100,4629,71,3279
0.25,0,0.25,1,18,1,0
0.25,0,0.25,5,127,5,0
0.25,0,0.25,10,403,13,10
0.25,0,0.25,20,1017,19,361
0.25,0,0.25,50,2123,35,1048
0.25,0,0.25,100,5709,74,3685
0.25,0,0.25,1,12,1,0
0.25,0,0.25,5,145,5,0
0.25,0,0.25,10,600,8,137
0.25,0,0.25,20,1393,25,392
0.25,0,0.25,50,1997,35,1033
0.25,0,0.25,100,4936,79,3246
0.25,0,0.25,1,26,1,0
0.25,0,0.25,5,160,5,15
0.25,0,0.25,10,381,8,81
0.25,0,0.25,20,820,21,232
0.25,0,0.25,50,2807,47,1666
0.25,0,0.25,100,4817,61,3432
0.25,0,0.25,1,92,1,0
0.25,0,0.25,5,148,5,0
0.25,0,0.25,10,716,21,3
0.25,0,0.25,20,783,20,148
0.25,0,0.25,50,1986,36,1019
0.25,0,0.25,100,4307,63,2891
0.25,0,0.25,1,16,1,0
0.25,0,0.25,5,174,4,56
0.25,0,0.25,10,394,11,15
0.25,0,0.25,20,1080,18,184
0.25,0,0.25,50,2421,42,1340
0.25,0,0.25,100,5142,73,3600
0.25,0,0.5,1,11,1,0
0.25,0,0.5,5,223,6,43
0.25,0,0.5,10,494,9,85
0.25,0,0.5,20,667,15,184
0.25,0,0.5,50,2860,42,1434
0.25,0,0.5,100,5240,85,3271
0.25,0,0.5,1,55,1,0
0.25,0,0.5,5,257,5,0
0.25,0,0.5,10,428,8,90
0.25,0,0.5,20,1063,29,158
0.25,0,0.5,50,2443,38,1470
0.25,0,0.5,100,4752,79,3106
0.25,0,0.5,1,123,2,0
0.25,0,0.5,5,234,6,0
0.25,0,0.5,10,473,10,16
0.25,0,0.5,20,694,18,195
0.25,0,0.5,50,2659,39,1529
0.25,0,0.5,100,4503,73,2870
0.25,0,0.5,1,57,1,0
0.25,0,0.5,5,109,5,11
0.25,0,0.5,10,376,9,39
0.25,0,0.5,20,1101,20,386
0.25,0,0.5,50,2306,40,1172
0.25,0,0.5,100,5514,88,3278
0.25,0,0.5,1,13,1,0
0.25,0,0.5,5,304,7,23
0.25,0,0.5,10,686,9,44
0.25,0,0.5,20,1258,18,519
0.25,0,0.5,50,2230,35,1344
0.25,0,0.5,100,4571,66,3000
0.25,0,0.75,1,98,1,0
0.25,0,0.75,5,400,5,241
0.25,0,0.75,10,666,10,149
0.25,0,0.75,20,965,20,280
0.25,0,0.75,50,2500,41,1348
0.25,0,0.75,100,5159,71,3348
0.25,0,0.75,1,31,1,0
0.25,0,0.75,5,278,5,22
0.25,0,0.75,10,470,8,65
0.25,0,0.75,20,815,18,232
0.25,0,0.75,50,3508,44,2033
0.25,0,0.75,100,4946,67,3507
0.25,0,0.75,1,75,1,0
0.25,0,0.75,5,176,5,0
0.25,0,0.75,10,523,10,6
0.25,0,0.75,20,1060,20,151
0.25,0,0.75,50,2152,41,939
0.25,0,0.75,100,5632,73,3802
0.25,0,0.75,1,30,1,0
0.25,0,0.75,5,339,4,113
0.25,0,0.75,10,341,9,39
0.25,0,0.75,20,826,14,358
0.25,0,0.75,50,2314,47,1104
0.25,0,0.75,100,4532,73,2877
0.25,0,0.75,1,78,1,0
0.25,0,0.75,5,117,5,0
0.25,0,0.75,10,587,9,37
0.25,0,0.75,20,797,18,282
0.25,0,0.75,50,1859,48,793
0.25,0,0.75,100,4988,68,3713
0.25,0,1,1,22,1,0
0.25,0,1,5,143,5,0
0.25,0,1,10,437,9,25
0.25,0,1,20,1120,21,377
0.25,0,1,50,2341,39,1358
0.25,0,1,100,4645,64,3460
0.25,0,1,1,144,1,0
0.25,0,1,5,159,5,0
0.25,0,1,10,473,10,93
0.25,0,1,20,1063,14,410
0.25,0,1,50,2481,38,1406
0.25,0,1,100,5213,84,3277
0.25,0,1,1,151,1,0
0.25,0,1,5,273,5,0
0.25,0,1,10,310,9,26
0.25,0,1,20,1038,20,166
0.25,0,1,50,2273,44,909
0.25,0,1,100,4789,70,3364
0.25,0,1,1,44,1,0
0.25,0,1,5,302,5,0
0.25,0,1,10,578,13,142
0.25,0,1,20,1100,17,519
0.25,0,1,50,2609,46,1226
0.25,0,1,100,4878,67,3193
0.25,0,1,1,34,1,0
0.25,0,1,5,231,5,12
0.25,0,1,10,475,10,2
0.25,0,1,20,1574,22,318
0.25,0,1,50,2503,43,1383
0.25,0,1,100,4982,68,3603
0.25,0.25,0,1,37,1,0
0.25,0.25,0,5,295,6,0
0.25,0.25,0,10,437,12,42
0.25,0.25,0,20,1017,19,268
0.25,0.25,0,50,2323,38,1302
0.25,0.25,0,100,4918,58,3141
0.25,0.25,0,1,36,1,0
0.25,0.25,0,5,276,4,85
0.25,0.25,0,10,582,9,226
0.25,0.25,0,20,1061,21,280
0.25,0.25,0,50,2239,48,1130
0.25,0.25,0,100,4467,57,3021
0.25,0.25,0,1,137,1,0
0.25,0.25,0,5,167,5,18
0.25,0.25,0,10,360,11,0
0.25,0.25,0,20,838,16,162
0.25,0.25,0,50,2033,36,880
0.25,0.25,0,100,4240,61,2609
0.25,0.25,0,1,13,1,0
0.25,0.25,0,5,194,6,0
0.25,0.25,0,10,567,12,104
0.25,0.25,0,20,1203,17,369
0.25,0.25,0,50,2939,36,1158
0.25,0.25,0,100,4117,66,2416
0.25,0.25,0,1,87,1,0
0.25,0.25,0,5,186,5,39
0.25,0.25,0,10,311,10,0
0.25,0.25,0,20,939,18,446
0.25,0.25,0,50,2236,27,1488
0.25,0.25,0,100,4450,57,3035
0.25,0.25,0.25,1,40,1,0
0.25,0.25,0.25,5,127,5,45
0.25,0.25,0.25,10,319,9,46
0.25,0.25,0.25,20,721,18,155
0.25,0.25,0.25,50,2519,38,947
0.25,0.25,0.25,100,4954,53,3657
0.25,0.25,0.25,1,23,1,0
0.25,0.25,0.25,5,238,5,0
0.25,0.25,0.25,10,575,9,126
0.25,0.25,0.25,20,1320,19,216
0.25,0.25,0.25,50,2467,46,1259
0.25,0.25,0.25,100,4409,59,2979
0.25,0.25,0.25,1,13,1,0
0.25,0.25,0.25,5,401,5,0
0.25,0.25,0.25,10,322,9,25
0.25,0.25,0.25,20,833,15,229
0.25,0.25,0.25,50,2409,35,1094
0.25,0.25,0.25,100,5377,53,3797
0.25,0.25,0.25,1,70,1,0
0.25,0.25,0.25,5,282,5,67
0.25,0.25,0.25,10,423,10,16
0.25,0.25,0.25,20,933,21,60
0.25,0.25,0.25,50,2316,39,1027
0.25,0.25,0.25,100,4466,62,3030
0.25,0.25,0.25,1,29,1,0
0.25,0.25,0.25,5,199,5,0
0.25,0.25,0.25,10,365,10,15
0.25,0.25,0.25,20,966,20,330
0.25,0.25,0.25,50,2129,34,824
0.25,0.25,0.25,100,4537,63,2778
0.25,0.25,0.5,1,47,1,0
0.25,0.25,0.5,5,161,6,0
0.25,0.25,0.5,10,414,11,39
0.25,0.25,0.5,20,676,18,76
0.25,0.25,0.5,50,2002,39,624
0.25,0.25,0.5,100,5237,67,3430
0.25,0.25,0.5,1,25,1,0
0.25,0.25,0.5,5,173,5,10
0.25,0.25,0.5,10,608,11,30
0.25,0.25,0.5,20,787,18,158
0.25,0.25,0.5,50,2139,34,996
0.25,0.25,0.5,100,4688,67,2884
0.25,0.25,0.5,1,21,1,0
0.25,0.25,0.5,5,327,5,32
0.25,0.25,0.5,10,333,9,51
0.25,0.25,0.5,20,1052,24,225
0.25,0.25,0.5,50,2683,42,1209
0.25,0.25,0.5,100,5895,62,4268
0.25,0.25,0.5,1,54,1,0
0.25,0.25,0.5,5,370,4,101
0.25,0.25,0.5,10,693,10,165
0.25,0.25,0.5,20,617,18,129
0.25,0.25,0.5,50,2187,38,1031
0.25,0.25,0.5,100,4738,74,2563
0.25,0.25,0.5,1,52,1,0
0.25,0.25,0.5,5,128,4,19
0.25,0.25,0.5,10,657,9,90
0.25,0.25,0.5,20,876,23,152
0.25,0.25,0.5,50,2555,38,1303
0.25,0.25,0.5,100,4591,68,2901
0.25,0.25,0.75,1,123,2,0
0.25,0.25,0.75,5,504,4,40
0.25,0.25,0.75,10,451,10,91
0.25,0.25,0.75,20,1265,14,651
0.25,0.25,0.75,50,2279,42,1027
0.25,0.25,0.75,100,4772,64,3308
0.25,0.25,0.75,1,118,1,0
0.25,0.25,0.75,5,193,6,11
0.25,0.25,0.75,10,560,9,35
0.25,0.25,0.75,20,834,15,406
0.25,0.25,0.75,50,2107,39,1077
0.25,0.25,0.75,100,4704,59,3214
0.25,0.25,0.75,1,27,1,0
0.25,0.25,0.75,5,183,4,46
0.25,0.25,0.75,10,907,10,259
0.25,0.25,0.75,20,1054,17,301
0.25,0.25,0.75,50,2799,36,1336
0.25,0.25,0.75,100,4366,63,2856
0.25,0.25,0.75,1,20,1,0
0.25,0.25,0.75,5,307,5,1
0.25,0.25,0.75,10,405,10,32
0.25,0.25,0.75,20,1007,19,256
0.25,0.25,0.75,50,2641,57,719
0.25,0.25,0.75,100,4347,67,3032
0.25,0.25,0.75,1,61,1,0
0.25,0.25,0.75,5,239,5,6
0.25,0.25,0.75,10,375,7,135
0.25,0.25,0.75,20,1029,16,367
0.25,0.25,0.75,50,2249,40,1132
0.25,0.25,0.75,100,5020,61,3639
0.25,0.25,1,1,12,1,0
0.25,0.25,1,5,187,5,0
0.25,0.25,1,10,439,11,27
0.25,0.25,1,20,817,17,163
0.25,0.25,1,50,1637,35,944
0.25,0.25,1,100,4549,63,2744
0.25,0.25,1,1,52,1,0
0.25,0.25,1,5,424,5,21
0.25,0.25,1,10,545,9,51
0.25,0.25,1,20,755,17,171
0.25,0.25,1,50,2173,37,1185
0.25,0.25,1,100,4465,64,2695
0.25,0.25,1,1,64,1,0
0.25,0.25,1,5,264,5,84
0.25,0.25,1,10,548,10,9
0.25,0.25,1,20,819,20,134
0.25,0.25,1,50,2829,41,1517
0.25,0.25,1,100,5038,66,3264
0.25,0.25,1,1,50,1,0
0.25,0.25,1,5,134,5,0
0.25,0.25,1,10,390,10,60
0.25,0.25,1,20,906,19,245
0.25,0.25,1,50,2041,40,906
0.25,0.25,1,100,5400,64,3488
0.25,0.25,1,1,32,1,0
0.25,0.25,1,5,135,5,0
0.25,0.25,1,10,520,10,22
0.25,0.25,1,20,886,19,154
0.25,0.25,1,50,2606,36,1496
0.25,0.25,1,100,4881,57,3119
0.25,0.5,0,1,17,1,0
0.25,0.5,0,5,347,5,22
0.25,0.5,0,10,483,8,164
0.25,0.5,0,20,757,15,295
0.25,0.5,0,50,2226,33,1176
0.25,0.5,0,100,4548,54,3002
0.25,0.5,0,1,26,1,0
0.25,0.5,0,5,375,4,140
0.25,0.5,0,10,337,10,0
0.25,0.5,0,20,808,15,332
0.25,0.5,0,50,2029,42,823
0.25,0.5,0,100,4817,57,3184
0.25,0.5,0,1,70,1,0
0.25,0.5,0,5,128,5,0
0.25,0.5,0,10,550,10,186
0.25,0.5,0,20,818,18,191
0.25,0.5,0,50,2382,38,1152
0.25,0.5,0,100,4675,58,2868
0.25,0.5,0,1,13,1,0
0.25,0.5,0,5,189,5,0
0.25,0.5,0,10,395,10,5
0.25,0.5,0,20,734,17,201
0.25,0.5,0,50,2116,39,843
0.25,0.5,0,100,4615,67,2893
0.25,0.5,0,1,76,1,0
0.25,0.5,0,5,224,6,0
0.25,0.5,0,10,497,8,119
0.25,0.5,0,20,1197,19,515
0.25,0.5,0,50,2115,35,931
0.25,0.5,0,100,5008,62,3184
0.25,0.5,0.25,1,159,1,0
0.25,0.5,0.25,5,155,5,0
0.25,0.5,0.25,10,368,11,52
0.25,0.5,0.25,20,1008,19,181
0.25,0.5,0.25,50,2049,34,765
0.25,0.5,0.25,100,4450,61,2827
0.25,0.5,0.25,1,47,1,0
0.25,0.5,0.25,5,212,5,0
0.25,0.5,0.25,10,273,13,16
0.25,0.5,0.25,20,908,18,429
0.25,0.5,0.25,50,2505,39,1175
0.25,0.5,0.25,100,4625,58,3178
0.25,0.5,0.25,1,28,1,0
0.25,0.5,0.25,5,194,6,0
0.25,0.5,0.25,10,675,10,38
0.25,0.5,0.25,20,941,17,273
0.25,0.5,0.25,50,2099,36,940
0.25,0.5,0.25,100,4931,70,3110
0.25,0.5,0.25,1,72,1,0
0.25,0.5,0.25,5,358,5,11
0.25,0.5,0.25,10,520,9,25
0.25,0.5,0.25,20,828,18,395
0.25,0.5,0.25,50,2698,36,1316
0.25,0.5,0.25,100,4569,55,3219
0.25,0.5,0.25,1,216,1,0
0.25,0.5,0.25,5,121,5,0
0.25,0.5,0.25,10,518,12,70
0.25,0.5,0.25,20,836,17,163
0.25,0.5,0.25,50,2633,36,1387
0.25,0.5,0.25,100,4682,57,3136
0.25,0.5,0.5,1,18,1,0
0.25,0.5,0.5,5,343,17,0
0.25,0.5,0.5,10,696,10,36
0.25,0.5,0.5,20,1184,18,460
0.25,0.5,0.5,50,2411,33,1242
0.25,0.5,0.5,100,4777,55,3119
0.25,0.5,0.5,1,45,1,0
0.25,0.5,0.5,5,171,5,0
0.25,0.5,0.5,10,407,8,138
0.25,0.5,0.5,20,751,17,224
0.25,0.5,0.5,50,2235,37,1176
0.25,0.5,0.5,100,5192,63,3736
0.25,0.5,0.5,1,63,1,0
0.25,0.5,0.5,5,123,5,0
0.25,0.5,0.5,10,448,10,0
0.25,0.5,0.5,20,980,18,161
0.25,0.5,0.5,50,2287,38,1329
0.25,0.5,0.5,100,5141,62,3397
0.25,0.5,0.5,1,21,1,0
0.25,0.5,0.5,5,234,6,6
0.25,0.5,0.5,10,498,10,122
0.25,0.5,0.5,20,1163,25,329
0.25,0.5,0.5,50,2431,41,1146
0.25,0.5,0.5,100,4792,57,3109
0.25,0.5,0.5,1,11,1,0
0.25,0.5,0.5,5,334,5,17
0.25,0.5,0.5,10,508,8,208
0.25,0.5,0.5,20,1384,19,198
0.25,0.5,0.5,50,2697,43,1208
0.25,0.5,0.5,100,5155,63,3411
0.25,0.5,0.75,1,24,1,0
0.25,0.5,0.75,5,266,5,22
0.25,0.5,0.75,10,412,10,1
0.25,0.5,0.75,20,832,19,288
0.25,0.5,0.75,50,2402,33,1328
0.25,0.5,0.75,100,4357,60,2832
0.25,0.5,0.75,1,217,1,0
0.25,0.5,0.75,5,147,5,0
0.25,0.5,0.75,10,316,10,0
0.25,0.5,0.75,20,1150,20,168
0.25,0.5,0.75,50,2292,40,726
0.25,0.5,0.75,100,4485,61,2622
0.25,0.5,0.75,1,34,1,0
0.25,0.5,0.75,5,176,5,24
0.25,0.5,0.75,10,463,10,121
0.25,0.5,0.75,20,915,16,215
0.25,0.5,0.75,50,1969,43,906
0.25,0.5,0.75,100,4571,61,2993
0.25,0.5,0.75,1,32,1,0
0.25,0.5,0.75,5,227,5,0
0.25,0.5,0.75,10,358,12,17
0.25,0.5,0.75,20,770,17,243
0.25,0.5,0.75,50,2488,35,1218
0.25,0.5,0.75,100,4618,64,2874
0.25,0.5,0.75,1,90,1,0
0.25,0.5,0.75,5,254,4,41
0.25,0.5,0.75,10,370,9,119
0.25,0.5,0.75,20,904,15,373
0.25,0.5,0.75,50,2168,39,1059
0.25,0.5,0.75,100,4511,56,3020
0.25,0.5,1,1,171,1,0
0.25,0.5,1,5,140,5,0
0.25,0.5,1,10,459,11,11
0.25,0.5,1,20,943,16,117
0.25,0.5,1,50,2633,36,1510
0.25,0.5,1,100,4193,64,2453
0.25,0.5,1,1,64,1,0
0.25,0.5,1,5,99,6,3
0.25,0.5,1,10,503,9,167
0.25,0.5,1,20,1035,16,353
0.25,0.5,1,50,2645,38,1293
0.25,0.5,1,100,4300,54,2865
0.25,0.5,1,1,20,1,0
0.25,0.5,1,5,144,6,8
0.25,0.5,1,10,358,11,3
0.25,0.5,1,20,1133,20,216
0.25,0.5,1,50,1995,31,1214
0.25,0.5,1,100,5365,55,3822
0.25,0.5,1,1,21,1,0
0.25,0.5,1,5,153,5,0
0.25,0.5,1,10,495,9,158
0.25,0.5,1,20,584,18,133
0.25,0.5,1,50,2111,37,1211
0.25,0.5,1,100,5182,63,3450
0.25,0.5,1,1,16,1,0
0.25,0.5,1,5,272,4,55
0.25,0.5,1,10,403,9,47
0.25,0.5,1,20,946,20,135
0.25,0.5,1,50,2631,36,1335
0.25,0.5,1,100,4615,54,3336
0.25,0.75,0,1,91,1,0
0.25,0.75,0,5,245,5,85
0.25,0.75,0,10,586,9,223
0.25,0.75,0,20,1173,20,306
0.25,0.75,0,50,2721,40,1535
0.25,0.75,0,100,4709,58,3241
0.25,0.75,0,1,60,1,0
0.25,0.75,0,5,274,5,8
0.25,0.75,0,10,700,11,72
0.25,0.75,0,20,1075,18,400
0.25,0.75,0,50,2475,39,1341
0.25,0.75,0,100,5025,51,3548
0.25,0.75,0,1,98,1,0
0.25,0.75,0,5,121,5,19
0.25,0.75,0,10,328,7,137
0.25,0.75,0,20,973,16,314
0.25,0.75,0,50,2518,32,1470
0.25,0.75,0,100,4890,51,3604
0.25,0.75,0,1,162,1,0
0.25,0.75,0,5,145,5,0
0.25,0.75,0,10,557,9,50
0.25,0.75,0,20,882,19,296
0.25,0.75,0,50,2276,36,1229
0.25,0.75,0,100,4676,62,2715
0.25,0.75,0,1,111,1,0
0.25,0.75,0,5,296,7,32
0.25,0.75,0,10,222,10,9
0.25,0.75,0,20,799,24,148
0.25,0.75,0,50,2350,36,1226
0.25,0.75,0,100,5237,58,3357
0.25,0.75,0.25,1,23,2,0
0.25,0.75,0.25,5,233,7,0
0.25,0.75,0.25,10,386,10,25
0.25,0.75,0.25,20,1165,28,219
0.25,0.75,0.25,50,2203,36,1091
0.25,0.75,0.25,100,4997,70,3268
0.25,0.75,0.25,1,136,3,0
0.25,0.75,0.25,5,158,4,24
0.25,0.75,0.25,10,429,9,98
0.25,0.75,0.25,20,955,19,124
0.25,0.75,0.25,50,2318,29,1433
0.25,0.75,0.25,100,4085,51,2541
0.25,0.75,0.25,1,56,1,0
0.25,0.75,0.25,5,96,4,23
0.25,0.75,0.25,10,439,8,27
0.25,0.75,0.25,20,948,19,220
0.25,0.75,0.25,50,1985,37,863
0.25,0.75,0.25,100,4097,55,2417
0.25,0.75,0.25,1,13,1,0
0.25,0.75,0.25,5,308,5,0
0.25,0.75,0.25,10,386,9,152
0.25,0.75,0.25,20,843,15,245
0.25,0.75,0.25,50,2300,38,1047
0.25,0.75,0.25,100,4720,63,2967
0.25,0.75,0.25,1,22,1,0
0.25,0.75,0.25,5,242,5,21
0.25,0.75,0.25,10,432,9,36
0.25,0.75,0.25,20,911,18,432
0.25,0.75,0.25,50,3019,40,1596
0.25,0.75,0.25,100,4918,59,3407
0.25,0.75,0.5,1,11,1,0
0.25,0.75,0.5,5,165,6,0
0.25,0.75,0.5,10,284,10,2
0.25,0.75,0.5,20,1328,17,734
0.25,0.75,0.5,50,2564,39,1436
0.25,0.75,0.5,100,5283,53,3215
0.25,0.75,0.5,1,38,1,0
0.25,0.75,0.5,5,86,3,38
0.25,0.75,0.5,10,418,9,75
0.25,0.75,0.5,20,912,27,156
0.25,0.75,0.5,50,2490,40,1003
0.25,0.75,0.5,100,4231,57,2811
0.25,0.75,0.5,1,48,1,0
0.25,0.75,0.5,5,277,5,0
0.25,0.75,0.5,10,411,10,122
0.25,0.75,0.5,20,890,16,169
0.25,0.75,0.5,50,2169,35,1004
0.25,0.75,0.5,100,4844,57,3038
0.25,0.75,0.5,1,44,1,0
0.25,0.75,0.5,5,344,6,0
0.25,0.75,0.5,10,557,8,224
0.25,0.75,0.5,20,1502,17,677
0.25,0.75,0.5,50,2274,42,1037
0.25,0.75,0.5,100,4543,53,3071
0.25,0.75,0.5,1,77,1,0
0.25,0.75,0.5,5,206,5,0
0.25,0.75,0.5,10,568,10,4
0.25,0.75,0.5,20,735,21,125
0.25,0.75,0.5,50,2635,34,1159
0.25,0.75,0.5,100,4632,61,3232
0.25,0.75,0.75,1,51,2,0
0.25,0.75,0.75,5,250,9,40
0.25,0.75,0.75,10,391,10,24
0.25,0.75,0.75,20,964,18,341
0.25,0.75,0.75,50,2300,38,1016
0.25,0.75,0.75,100,4237,70,2384
0.25,0.75,0.75,1,33,2,0
0.25,0.75,0.75,5,120,5,0
0.25,0.75,0.75,10,499,11,56
0.25,0.75,0.75,20,1188,15,476
0.25,0.75,0.75,50,2133,34,1096
0.25,0.75,0.75,100,4401,59,2544
0.25,0.75,0.75,1,12,1,0
0.25,0.75,0.75,5,174,6,0
0.25,0.75,0.75,10,844,11,190
0.25,0.75,0.75,20,977,22,72
0.25,0.75,0.75,50,2844,49,1699
0.25,0.75,0.75,100,5161,61,3592
0.25,0.75,0.75,1,162,1,0
0.25,0.75,0.75,5,635,6,248
0.25,0.75,0.75,10,679,9,56
0.25,0.75,0.75,20,885,17,168
0.25,0.75,0.75,50,2463,36,1255
0.25,0.75,0.75,100,4655,61,3329
0.25,0.75,0.75,1,25,1,0
0.25,0.75,0.75,5,195,5,0
0.25,0.75,0.75,10,327,8,47
0.25,0.75,0.75,20,1007,17,328
0.25,0.75,0.75,50,2255,27,1406
0.25,0.75,0.75,100,4448,52,3155
0.25,0.75,1,1,11,1,0
0.25,0.75,1,5,210,5,0
0.25,0.75,1,10,292,10,4
0.25,0.75,1,20,934,19,327
0.25,0.75,1,50,2377,36,1207
0.25,0.75,1,100,4370,55,2814
0.25,0.75,1,1,119,1,0
0.25,0.75,1,5,157,5,0
0.25,0.75,1,10,751,12,216
0.25,0.75,1,20,1083,19,349
0.25,0.75,1,50,2220,40,978
0.25,0.75,1,100,4484,59,2908
0.25,0.75,1,1,14,1,0
0.25,0.75,1,5,397,6,7
0.25,0.75,1,10,550,9,131
0.25,0.75,1,20,1228,18,224
0.25,0.75,1,50,2040,39,1022
0.25,0.75,1,100,4924,64,2941
0.25,0.75,1,1,58,2,0
0.25,0.75,1,5,234,4,75
0.25,0.75,1,10,367,9,15
0.25,0.75,1,20,1046,23,439
0.25,0.75,1,50,2415,34,1432
0.25,0.75,1,100,4692,53,3364
0.25,0.75,1,1,63,1,0
0.25,0.75,1,5,323,5,0
0.25,0.75,1,10,278,9,28
0.25,0.75,1,20,833,16,227
0.25,0.75,1,50,2456,34,1323
0.25,0.75,1,100,4834,64,3186
0.25,1,0,1,13,1,0
0.25,1,0,5,371,4,106
0.25,1,0,10,429,10,0
0.25,1,0,20,1187,14,594
0.25,1,0,50,2402,42,1077
0.25,1,0,100,4692,61,2971
0.25,1,0,1,91,1,0
0.25,1,0,5,139,5,11
0.25,1,0,10,625,8,156
0.25,1,0,20,1209,19,366
0.25,1,0,50,2456,41,1000
0.25,1,0,100,4735,71,2898
0.25,1,0,1,81,1,0
0.25,1,0,5,211,5,0
0.25,1,0,10,612,9,139
0.25,1,0,20,736,17,174
0.25,1,0,50,1901,28,1136
0.25,1,0,100,4304,60,2814
0.25,1,0,1,27,1,0
0.25,1,0,5,280,5,0
0.25,1,0,10,574,9,79
0.25,1,0,20,1019,15,196
0.25,1,0,50,2240,35,1180
0.25,1,0,100,4119,52,2735
0.25,1,0,1,36,1,0
0.25,1,0,5,223,5,2
0.25,1,0,10,569,12,0
0.25,1,0,20,1233,19,418
0.25,1,0,50,2460,39,1150
0.25,1,0,100,4176,59,2688
0.25,1,0.25,1,20,1,0
0.25,1,0.25,5,115,8,0
0.25,1,0.25,10,528,14,100
0.25,1,0.25,20,847,18,326
0.25,1,0.25,50,2176,31,1308
0.25,1,0.25,100,3840,60,2250
0.25,1,0.25,1,43,1,0
0.25,1,0.25,5,295,4,149
0.25,1,0.25,10,440,9,139
0.25,1,0.25,20,1026,23,157
0.25,1,0.25,50,2413,35,1112
0.25,1,0.25,100,3975,51,2601
0.25,1,0.25,1,13,1,0
0.25,1,0.25,5,220,5,0
0.25,1,0.25,10,453,9,140
0.25,1,0.25,20,1016,18,309
0.25,1,0.25,50,2603,50,1102
0.25,1,0.25,100,4498,59,2811
0.25,1,0.25,1,26,3,0
0.25,1,0.25,5,238,5,47
0.25,1,0.25,10,560,10,80
0.25,1,0.25,20,1105,21,306
0.25,1,0.25,50,2147,37,1076
0.25,1,0.25,100,5446,60,3763
0.25,1,0.25,1,57,1,0
0.25,1,0.25,5,273,5,22
0.25,1,0.25,10,400,12,3
0.25,1,0.25,20,1089,18,362
0.25,1,0.25,50,2708,35,1621
0.25,1,0.25,100,4871,55,3303
0.25,1,0.5,1,26,1,0
0.25,1,0.5,5,126,6,0
0.25,1,0.5,10,609,10,108
0.25,1,0.5,20,916,17,174
0.25,1,0.5,50,1841,34,793
0.25,1,0.5,100,4421,67,3026
0.25,1,0.5,1,47,1,0
0.25,1,0.5,5,268,5,0
0.25,1,0.5,10,457,10,85
0.25,1,0.5,20,1141,18,254
0.25,1,0.5,50,2595,42,1361
0.25,1,0.5,100,3848,57,2241
0.25,1,0.5,1,11,1,0
0.25,1,0.5,5,177,5,0
0.25,1,0.5,10,477,8,192
0.25,1,0.5,20,1377,19,551
0.25,1,0.5,50,2032,39,958
0.25,1,0.5,100,4551,57,3099
0.25,1,0.5,1,67,1,0
0.25,1,0.5,5,200,5,0
0.25,1,0.5,10,446,10,1
0.25,1,0.5,20,1203,19,379
0.25,1,0.5,50,2962,33,1530
0.25,1,0.5,100,4940,56,3360
0.25,1,0.5,1,34,1,0
0.25,1,0.5,5,294,5,16
0.25,1,0.5,10,500,9,93
0.25,1,0.5,20,1156,20,304
0.25,1,0.5,50,2299,36,1289
0.25,1,0.5,100,4294,55,2927
0.25,1,0.75,1,13,1,0
0.25,1,0.75,5,279,6,0
0.25,1,0.75,10,645,11,179
0.25,1,0.75,20,1179,20,527
0.25,1,0.75,50,3018,38,1599
0.25,1,0.75,100,5183,66,3031
0.25,1,0.75,1,13,1,0
0.25,1,0.75,5,163,5,15
0.25,1,0.75,10,304,11,0
0.25,1,0.75,20,749,21,110
0.25,1,0.75,50,2088,35,1252
0.25,1,0.75,100,4544,55,3256
0.25,1,0.75,1,26,1,0
0.25,1,0.75,5,146,6,0
0.25,1,0.75,10,418,10,123
0.25,1,0.75,20,847,14,425
0.25,1,0.75,50,2458,35,1193
0.25,1,0.75,100,5307,53,3635
0.25,1,0.75,1,13,1,0
0.25,1,0.75,5,81,6,0
0.25,1,0.75,10,584,9,120
0.25,1,0.75,20,1096,20,80
0.25,1,0.75,50,2825,47,1128
0.25,1,0.75,100,4467,56,2787
0.25,1,0.75,1,131,1,0
0.25,1,0.75,5,221,5,0
0.25,1,0.75,10,412,10,3
0.25,1,0.75,20,733,17,253
0.25,1,0.75,50,3003,48,1477
0.25,1,0.75,100,5405,67,3706
0.25,1,1,1,57,1,0
0.25,1,1,5,191,5,0
0.25,1,1,10,353,10,5
0.25,1,1,20,978,19,365
0.25,1,1,50,2190,34,1014
0.25,1,1,100,4599,54,3326
0.25,1,1,1,117,1,0
0.25,1,1,5,360,5,0
0.25,1,1,10,596,10,80
0.25,1,1,20,838,20,199
0.25,1,1,50,2765,52,1343
0.25,1,1,100,4913,59,2992
0.25,1,1,1,43,1,0
0.25,1,1,5,220,5,0
0.25,1,1,10,588,9,40
0.25,1,1,20,940,20,91
0.25,1,1,50,2483,43,1045
0.25,1,1,100,5029,58,3418
0.25,1,1,1,49,1,0
0.25,1,1,5,183,5,35
0.25,1,1,10,506,9,79
0.25,1,1,20,908,18,219
0.25,1,1,50,2189,35,1064
0.25,1,1,100,4472,60,2981
0.25,1,1,1,11,1,0
0.25,1,1,5,237,5,3
0.25,1,1,10,573,10,74
0.25,1,1,20,908,20,180
0.25,1,1,50,2261,37,1066
0.25,1,1,100,4851,63,3151
0.5,0,0,1,85,1,0
0.5,0,0,5,212,5,0
0.5,0,0,10,465,9,139
0.5,0,0,20,1065,16,321
0.5,0,0,50,2289,36,1343
0.5,0,0,100,4925,84,3495
0.5,0,0,1,52,1,0
0.5,0,0,5,360,7,30
0.5,0,0,10,430,10,29
0.5,0,0,20,742,19,91
0.5,0,0,50,2484,39,1321
0.5,0,0,100,5487,72,4160
0.5,0,0,1,32,1,0
0.5,0,0,5,294,5,7
0.5,0,0,10,523,10,85
0.5,0,0,20,842,21,59
0.5,0,0,50,2574,36,1532
0.5,0,0,100,4615,66,3133
0.5,0,0,1,53,1,0
0.5,0,0,5,135,9,0
0.5,0,0,10,462,11,72
0.5,0,0,20,931,16,331
0.5,0,0,50,2271,46,999
0.5,0,0,100,5308,58,3756
0.5,0,0,1,29,1,0
0.5,0,0,5,228,5,0
0.5,0,0,10,699,10,36
0.5,0,0,20,1085,17,485
0.5,0,0,50,2226,36,1111
0.5,0,0,100,4528,69,2841
0.5,0,0.25,1,29,1,0
0.5,0,0.25,5,383,5,37
0.5,0,0.25,10,411,10,52
0.5,0,0.25,20,666,19,253
0.5,0,0.25,50,2555,40,1331
0.5,0,0.25,100,5081,59,3462
0.5,0,0.25,1,113,1,0
0.5,0,0.25,5,517,6,60
0.5,0,0.25,10,456,9,196
0.5,0,0.25,20,809,18,239
0.5,0,0.25,50,2787,40,1694
0.5,0,0.25,100,4229,75,2716
0.5,0,0.25,1,58,1,0
0.5,0,0.25,5,246,6,0
0.5,0,0.25,10,506,10,121
0.5,0,0.25,20,869,19,173
0.5,0,0.25,50,2496,45,1060
0.5,0,0.25,100,4393,67,2782
0.5,0,0.25,1,54,1,0
0.5,0,0.25,5,318,5,10
0.5,0,0.25,10,241,10,0
0.5,0,0.25,20,994,17,218
0.5,0,0.25,50,2231,37,1177
0.5,0,0.25,100,5215,79,3498
0.5,0,0.25,1,38,1,0
0.5,0,0.25,5,183,5,0
0.5,0,0.25,10,341,9,93
0.5,0,0.25,20,990,21,248
0.5,0,0.25,50,2268,37,1193
0.5,0,0.25,100,4785,71,2876
0.5,0,0.5,1,56,1,0
0.5,0,0.5,5,297,6,8
0.5,0,0.5,10,307,10,92
0.5,0,0.5,20,773,18,194
0.5,0,0.5,50,2654,40,1546
0.5,0,0.5,100,5169,84,3536
0.5,0,0.5,1,58,1,0
0.5,0,0.5,5,117,6,0
0.5,0,0.5,10,346,11,13
0.5,0,0.5,20,1268,25,400
0.5,0,0.5,50,2023,33,1039
0.5,0,0.5,100,5372,80,3477
0.5,0,0.5,1,150,3,0
0.5,0,0.5,5,280,5,8
0.5,0,0.5,10,571,10,117
0.5,0,0.5,20,1158,19,316
0.5,0,0.5,50,2676,35,1494
0.5,0,0.5,100,4394,69,2924
0.5,0,0.5,1,54,1,0
0.5,0,0.5,5,298,5,0
0.5,0,0.5,10,432,9,94
0.5,0,0.5,20,1008,18,167
0.5,0,0.5,50,2893,40,1879
0.5,0,0.5,100,4782,59,3239
0.5,0,0.5,1,90,1,0
0.5,0,0.5,5,372,19,0
0.5,0,0.5,10,608,12,2
0.5,0,0.5,20,1308,20,235
0.5,0,0.5,50,2352,40,1029
0.5,0,0.5,100,4988,70,3449
0.5,0,0.75,1,16,1,0
0.5,0,0.75,5,242,5,0
0.5,0,0.75,10,339,10,17
0.5,0,0.75,20,1014,19,302
0.5,0,0.75,50,2600,39,1396
0.5,0,0.75,100,4541,69,2689
0.5,0,0.75,1,104,1,0
0.5,0,0.75,5,103,5,20
0.5,0,0.75,10,490,11,168
0.5,0,0.75,20,955,19,258
0.5,0,0.75,50,2142,34,1397
0.5,0,0.75,100,4858,66,3116
0.5,0,0.75,1,25,1,0
0.5,0,0.75,5,307,5,0
0.5,0,0.75,10,432,10,36
0.5,0,0.75,20,795,18,196
0.5,0,0.75,50,2001,31,1158
0.5,0,0.75,100,5293,75,3412
0.5,0,0.75,1,120,1,0
0.5,0,0.75,5,380,5,45
0.5,0,0.75,10,453,11,7
0.5,0,0.75,20,887,19,122
0.5,0,0.75,50,2234,33,1006
0.5,0,0.75,100,4658,63,3001
0.5,0,0.75,1,21,2,0
0.5,0,0.75,5,253,4,34
0.5,0,0.75,10,266,9,13
0.5,0,0.75,20,898,18,284
0.5,0,0.75,50,2158,41,1056
0.5,0,0.75,100,4245,66,2865
0.5,0,1,1,71,1,0
0.5,0,1,5,146,5,3
0.5,0,1,10,446,10,153
0.5,0,1,20,963,18,221
0.5,0,1,50,2207,35,1260
0.5,0,1,100,4904,63,3694
0.5,0,1,1,12,1,0
0.5,0,1,5,285,5,0
0.5,0,1,10,666,9,257
0.5,0,1,20,1055,18,455
0.5,0,1,50,1724,37,732
0.5,0,1,100,5071,67,3075
0.5,0,1,1,22,1,0
0.5,0,1,5,137,7,0
0.5,0,1,10,481,8,55
0.5,0,1,20,812,22,191
0.5,0,1,50,2312,37,1184
0.5,0,1,100,4223,63,2984
0.5,0,1,1,71,1,0
0.5,0,1,5,201,5,55
0.5,0,1,10,354,15,17
0.5,0,1,20,877,24,244
0.5,0,1,50,2736,44,1621
0.5,0,1,100,6144,69,4687
0.5,0,1,1,22,1,0
0.5,0,1,5,307,5,0
0.5,0,1,10,397,10,15
0.5,0,1,20,1274,20,381
0.5,0,1,50,2433,41,1465
0.5,0,1,100,5010,87,2973
0.5,0.25,0,1,29,1,0
0.5,0.25,0,5,317,5,12
0.5,0.25,0,10,439,10,87
0.5,0.25,0,20,837,19,174
0.5,0.25,0,50,2195,30,1168
0.5,0.25,0,100,4600,59,2878
0.5,0.25,0,1,19,1,0
0.5,0.25,0,5,150,5,0
0.5,0.25,0,10,771,11,0
0.5,0.25,0,20,905,17,227
0.5,0.25,0,50,2240,38,967
0.5,0.25,0,100,4283,49,2805
0.5,0.25,0,1,18,1,0
0.5,0.25,0,5,265,4,44
0.5,0.25,0,10,361,10,7
0.5,0.25,0,20,875,16,285
0.5,0.25,0,50,2626,38,1412
0.5,0.25,0,100,4825,57,3085
0.5,0.25,0,1,65,1,0
0.5,0.25,0,5,249,6,17
0.5,0.25,0,10,697,8,194
0.5,0.25,0,20,694,19,243
0.5,0.25,0,50,2228,30,1225
0.5,0.25,0,100,4735,73,2841
0.5,0.25,0,1,159,1,0
0.5,0.25,0,5,237,5,1
0.5,0.25,0,10,333,11,0
0.5,0.25,0,20,853,17,176
0.5,0.25,0,50,2272,34,1153
0.5,0.25,0,100,4276,63,2593
0.5,0.25,0.25,1,19,1,0
0.5,0.25,0.25,5,236,6,0
0.5,0.25,0.25,10,387,11,1
0.5,0.25,0.25,20,1023,20,172
0.5,0.25,0.25,50,2452,37,1227
0.5,0.25,0.25,100,4500,58,3019
0.5,0.25,0.25,1,44,1,0
0.5,0.25,0.25,5,338,6,0
0.5,0.25,0.25,10,523,9,216
0.5,0.25,0.25,20,715,18,176
0.5,0.25,0.25,50,2215,31,1243
0.5,0.25,0.25,100,4343,58,2876
0.5,0.25,0.25,1,30,1,0
0.5,0.25,0.25,5,224,4,98
0.5,0.25,0.25,10,510,9,80
0.5,0.25,0.25,20,768,24,116
0.5,0.25,0.25,50,2254,36,1030
0.5,0.25,0.25,100,5024,63,3134
0.5,0.25,0.25,1,42,1,0
0.5,0.25,0.25,5,259,5,0
0.5,0.25,0.25,10,478,10,0
0.5,0.25,0.25,20,877,18,136
0.5,0.25,0.25,50,2411,39,905
0.5,0.25,0.25,100,4867,69,2829
0.5,0.25,0.25,1,216,1,0
0.5,0.25,0.25,5,117,5,0
0.5,0.25,0.25,10,450,9,126
0.5,0.25,0.25,20,1054,14,372
0.5,0.25,0.25,50,2135,36,971
0.5,0.25,0.25,100,4316,62,3047
0.5,0.25,0.5,1,56,1,0
0.5,0.25,0.5,5,117,5,0
0.5,0.25,0.5,10,315,7,83
0.5,0.25,0.5,20,989,20,192
0.5,0.25,0.5,50,2214,35,935
0.5,0.25,0.5,100,4535,72,2873
0.5,0.25,0.5,1,30,1,0
0.5,0.25,0.5,5,251,5,0
0.5,0.25,0.5,10,476,9,170
0.5,0.25,0.5,20,739,19,136
0.5,0.25,0.5,50,2565,41,1312
0.5,0.25,0.5,100,4539,58,3244
0.5,0.25,0.5,1,57,1,0
0.5,0.25,0.5,5,198,5,0
0.5,0.25,0.5,10,414,10,117
0.5,0.25,0.5,20,1264,18,486
0.5,0.25,0.5,50,2132,47,744
0.5,0.25,0.5,100,5208,62,3353
0.5,0.25,0.5,1,17,1,0
0.5,0.25,0.5,5,238,6,0
0.5,0.25,0.5,10,870,12,15
0.5,0.25,0.5,20,808,18,261
0.5,0.25,0.5,50,2260,41,1085
0.5,0.25,0.5,100,4913,56,3630
0.5,0.25,0.5,1,11,1,0
0.5,0.25,0.5,5,262,6,31
0.5,0.25,0.5,10,567,10,67
0.5,0.25,0.5,20,1089,19,265
0.5,0.25,0.5,50,1944,33,1060
0.5,0.25,0.5,100,5125,63,3494
0.5,0.25,0.75,1,16,1,0
0.5,0.25,0.75,5,363,5,13
0.5,0.25,0.75,10,591,9,122
0.5,0.25,0.75,20,846,16,180
0.5,0.25,0.75,50,2645,39,1302
0.5,0.25,0.75,100,4494,67,3193
0.5,0.25,0.75,1,52,1,0
0.5,0.25,0.75,5,82,5,0
0.5,0.25,0.75,10,518,8,107
0.5,0.25,0.75,20,801,17,220
0.5,0.25,0.75,50,2333,43,1214
0.5,0.25,0.75,100,5057,65,3461
0.5,0.25,0.75,1,19,1,0
0.5,0.25,0.75,5,175,6,0
0.5,0.25,0.75,10,316,6,103
0.5,0.25,0.75,20,958,15,270
0.5,0.25,0.75,50,2519,42,1123
0.5,0.25,0.75,100,4181,69,2579
0.5,0.25,0.75,1,11,1,0
0.5,0.25,0.75,5,151,3,74
0.5,0.25,0.75,10,356,8,63
0.5,0.25,0.75,20,1063,17,227
0.5,0.25,0.75,50,2764,41,1185
0.5,0.25,0.75,100,4586,64,3050
0.5,0.25,0.75,1,60,1,0
0.5,0.25,0.75,5,416,5,0
0.5,0.25,0.75,10,373,8,148
0.5,0.25,0.75,20,807,19,254
0.5,0.25,0.75,50,2373,41,1027
0.5,0.25,0.75,100,4464,66,2838
0.5,0.25,1,1,15,1,0
0.5,0.25,1,5,356,5,19
0.5,0.25,1,10,352,7,76
0.5,0.25,1,20,1110,20,311
0.5,0.25,1,50,2367,42,1011
0.5,0.25,1,100,4225,75,2751
0.5,0.25,1,1,104,1,0
0.5,0.25,1,5,180,5,0
0.5,0.25,1,10,524,9,175
0.5,0.25,1,20,1473,18,719
0.5,0.25,1,50,2734,45,1382
0.5,0.25,1,100,4853,60,3178
0.5,0.25,1,1,22,1,0
0.5,0.25,1,5,188,5,0
0.5,0.25,1,10,604,10,274
0.5,0.25,1,20,1073,18,303
0.5,0.25,1,50,2530,39,1326
0.5,0.25,1,100,4669,52,3436
0.5,0.25,1,1,22,1,0
0.5,0.25,1,5,290,6,0
0.5,0.25,1,10,505,9,46
0.5,0.25,1,20,956,20,307
0.5,0.25,1,50,2784,49,1088
0.5,0.25,1,100,4344,61,2940
0.5,0.25,1,1,42,1,0
0.5,0.25,1,5,97,5,0
0.5,0.25,1,10,475,10,99
0.5,0.25,1,20,1243,21,302
0.5,0.25,1,50,2360,40,1355
0.5,0.25,1,100,4201,67,2771
0.5,0.5,0,1,27,1,0
0.5,0.5,0,5,292,5,0
0.5,0.5,0,10,374,11,10
0.5,0.5,0,20,1020,17,329
0.5,0.5,0,50,2544,36,1440
0.5,0.5,0,100,4234,60,2832
0.5,0.5,0,1,34,1,0
0.5,0.5,0,5,164,5,26
0.5,0.5,0,10,406,9,106
0.5,0.5,0,20,1106,18,449
0.5,0.5,0,50,2861,36,1618
0.5,0.5,0,100,5201,61,3429
0.5,0.5,0,1,77,1,0
0.5,0.5,0,5,391,5,0
0.5,0.5,0,10,316,10,35
0.5,0.5,0,20,659,18,77
0.5,0.5,0,50,2141,40,982
0.5,0.5,0,100,4342,54,3001
0.5,0.5,0,1,28,1,0
0.5,0.5,0,5,149,6,25
0.5,0.5,0,10,460,9,45
0.5,0.5,0,20,886,18,341
0.5,0.5,0,50,2269,36,1202
0.5,0.5,0,100,4632,74,2633
0.5,0.5,0,1,12,1,0
0.5,0.5,0,5,157,5,21
0.5,0.5,0,10,434,11,66
0.5,0.5,0,20,1096,17,361
0.5,0.5,0,50,2112,36,1114
0.5,0.5,0,100,4855,69,3076
0.5,0.5,0.25,1,63,1,0
0.5,0.5,0.25,5,302,5,17
0.5,0.5,0.25,10,597,8,22
0.5,0.5,0.25,20,466,14,100
0.5,0.5,0.25,50,2231,36,963
0.5,0.5,0.25,100,5215,55,3236
0.5,0.5,0.25,1,119,1,0
0.5,0.5,0.25,5,187,5,22
0.5,0.5,0.25,10,501,10,0
0.5,0.5,0.25,20,978,21,129
0.5,0.5,0.25,50,2699,32,1497
0.5,0.5,0.25,100,5387,66,3699
0.5,0.5,0.25,1,33,1,0
0.5,0.5,0.25,5,291,5,0
0.5,0.5,0.25,10,344,12,0
0.5,0.5,0.25,20,792,17,323
0.5,0.5,0.25,50,2521,33,1561
0.5,0.5,0.25,100,4979,55,3433
0.5,0.5,0.25,1,13,1,0
0.5,0.5,0.25,5,165,5,1
0.5,0.5,0.25,10,604,7,238
0.5,0.5,0.25,20,1069,17,395
0.5,0.5,0.25,50,1820,40,758
0.5,0.5,0.25,100,4412,61,2800
0.5,0.5,0.25,1,72,1,0
0.5,0.5,0.25,5,266,7,0
0.5,0.5,0.25,10,501,11,0
0.5,0.5,0.25,20,1058,17,303
0.5,0.5,0.25,50,2473,41,1413
0.5,0.5,0.25,100,5033,61,2980
0.5,0.5,0.5,1,57,1,0
0.5,0.5,0.5,5,326,5,26
0.5,0.5,0.5,10,566,10,207
0.5,0.5,0.5,20,988,16,232
0.5,0.5,0.5,50,2557,28,1516
0.5,0.5,0.5,100,4376,56,2968
0.5,0.5,0.5,1,71,1,0
0.5,0.5,0.5,5,249,5,0
0.5,0.5,0.5,10,410,11,17
0.5,0.5,0.5,20,846,17,228
0.5,0.5,0.5,50,2692,41,1521
0.5,0.5,0.5,100,4764,53,3367
0.5,0.5,0.5,1,15,1,0
0.5,0.5,0.5,5,269,5,0
0.5,0.5,0.5,10,276,9,30
0.5,0.5,0.5,20,854,17,190
0.5,0.5,0.5,50,2893,38,1754
0.5,0.5,0.5,100,4933,59,3260
0.5,0.5,0.5,1,11,1,0
0.5,0.5,0.5,5,245,5,102
0.5,0.5,0.5,10,390,8,62
0.5,0.5,0.5,20,1006,19,265
0.5,0.5,0.5,50,2536,35,1283
0.5,0.5,0.5,100,5099,65,3248
0.5,0.5,0.5,1,19,1,0
0.5,0.5,0.5,5,164,5,0
0.5,0.5,0.5,10,357,9,37
0.5,0.5,0.5,20,1188,20,303
0.5,0.5,0.5,50,2533,40,1458
0.5,0.5,0.5,100,4555,60,3146
0.5,0.5,0.75,1,12,1,0
0.5,0.5,0.75,5,148,5,0
0.5,0.5,0.75,10,286,12,11
0.5,0.5,0.75,20,970,16,248
0.5,0.5,0.75,50,2906,38,1435
0.5,0.5,0.75,100,4136,50,2873
0.5,0.5,0.75,1,58,1,0
0.5,0.5,0.75,5,220,6,1
0.5,0.5,0.75,10,270,9,77
0.5,0.5,0.75,20,644,20,149
0.5,0.5,0.75,50,1919,33,1223
0.5,0.5,0.75,100,4800,61,3170
0.5,0.5,0.75,1,98,1,0
0.5,0.5,0.75,5,256,4,21
0.5,0.5,0.75,10,368,9,18
0.5,0.5,0.75,20,792,18,172
0.5,0.5,0.75,50,2316,37,812
0.5,0.5,0.75,100,4477,56,3092
0.5,0.5,0.75,1,71,1,0
0.5,0.5,0.75,5,339,7,0
0.5,0.5,0.75,10,434,10,23
0.5,0.5,0.75,20,885,19,155
0.5,0.5,0.75,50,2601,42,1252
0.5,0.5,0.75,100,4736,54,3427
0.5,0.5,0.75,1,71,1,0
0.5,0.5,0.75,5,351,5,37
0.5,0.5,0.75,10,521,12,20
0.5,0.5,0.75,20,1197,17,321
0.5,0.5,0.75,50,2176,37,914
0.5,0.5,0.75,100,4177,58,2526
0.5,0.5,1,1,15,1,0
0.5,0.5,1,5,304,5,15
0.5,0.5,1,10,418,11,0
0.5,0.5,1,20,977,17,372
0.5,0.5,1,50,2292,39,1022
0.5,0.5,1,100,4511,76,2393
0.5,0.5,1,1,17,1,0
0.5,0.5,1,5,288,5,15
0.5,0.5,1,10,418,9,43
0.5,0.5,1,20,1264,21,203
0.5,0.5,1,50,2365,43,1232
0.5,0.5,1,100,4325,56,3048
0.5,0.5,1,1,12,1,0
0.5,0.5,1,5,151,6,0
0.5,0.5,1,10,486,12,247
0.5,0.5,1,20,1185,20,307
0.5,0.5,1,50,2970,38,1242
0.5,0.5,1,100,4596,59,3193
0.5,0.5,1,1,58,2,0
0.5,0.5,1,5,239,6,0
0.5,0.5,1,10,472,10,25
0.5,0.5,1,20,1285,17,508
0.5,0.5,1,50,2420,37,1512
0.5,0.5,1,100,4863,54,3412
0.5,0.5,1,1,37,1,0
0.5,0.5,1,5,108,3,56
0.5,0.5,1,10,567,9,87
0.5,0.5,1,20,1359,16,562
0.5,0.5,1,50,2749,39,1639
0.5,0.5,1,100,4446,68,2936
0.5,0.75,0,1,25,1,0
0.5,0.75,0,5,209,6,0
0.5,0.75,0,10,497,7,89
0.5,0.75,0,20,1010,17,249
0.5,0.75,0,50,2714,37,1501
0.5,0.75,0,100,4964,58,3567
0.5,0.75,0,1,71,1,0
0.5,0.75,0,5,169,5,36
0.5,0.75,0,10,515,11,111
0.5,0.75,0,20,1417,22,446
0.5,0.75,0,50,2488,38,1382
0.5,0.75,0,100,5427,66,3513
0.5,0.75,0,1,76,1,0
0.5,0.75,0,5,297,5,0
0.5,0.75,0,10,464,9,65
0.5,0.75,0,20,1053,20,332
0.5,0.75,0,50,2556,36,1398
0.5,0.75,0,100,4521,57,3255
0.5,0.75,0,1,108,1,0
0.5,0.75,0,5,223,5,0
0.5,0.75,0,10,587,8,151
0.5,0.75,0,20,1049,17,291
0.5,0.75,0,50,2245,41,1052
0.5,0.75,0,100,4572,58,3336
0.5,0.75,0,1,51,1,0
0.5,0.75,0,5,512,16,0
0.5,0.75,0,10,449,9,176
0.5,0.75,0,20,996,18,280
0.5,0.75,0,50,1963,34,1008
0.5,0.75,0,100,4877,59,3469
0.5,0.75,0.25,1,70,1,0
0.5,0.75,0.25,5,283,5,1
0.5,0.75,0.25,10,387,8,185
0.5,0.75,0.25,20,826,21,46
0.5,0.75,0.25,50,2288,39,1123
0.5,0.75,0.25,100,4989,62,3370
0.5,0.75,0.25,1,18,1,0
0.5,0.75,0.25,5,267,5,0
0.5,0.75,0.25,10,588,11,37
0.5,0.75,0.25,20,860,16,304
0.5,0.75,0.25,50,2135,34,790
0.5,0.75,0.25,100,5114,57,3827
0.5,0.75,0.25,1,18,1,0
0.5,0.75,0.25,5,340,5,0
0.5,0.75,0.25,10,581,8,173
0.5,0.75,0.25,20,1184,22,243
0.5,0.75,0.25,50,2931,43,1172
0.5,0.75,0.25,100,4503,56,2838
0.5,0.75,0.25,1,60,1,0
0.5,0.75,0.25,5,142,5,0
0.5,0.75,0.25,10,727,9,143
0.5,0.75,0.25,20,864,19,239
0.5,0.75,0.25,50,2158,35,1268
0.5,0.75,0.25,100,4943,56,3387
0.5,0.75,0.25,1,58,1,0
0.5,0.75,0.25,5,156,5,0
0.5,0.75,0.25,10,272,9,43
0.5,0.75,0.25,20,877,18,319
0.5,0.75,0.25,50,2259,44,897
0.5,0.75,0.25,100,5211,70,3366
0.5,0.75,0.5,1,216,1,0
0.5,0.75,0.5,5,211,5,12
0.5,0.75,0.5,10,402,8,47
0.5,0.75,0.5,20,1067,14,428
0.5,0.75,0.5,50,2899,38,1668
0.5,0.75,0.5,100,4534,64,2625
0.5,0.75,0.5,1,42,1,0
0.5,0.75,0.5,5,141,4,13
0.5,0.75,0.5,10,728,10,154
0.5,0.75,0.5,20,1117,20,312
0.5,0.75,0.5,50,2560,36,1606
0.5,0.75,0.5,100,4644,61,3104
0.5,0.75,0.5,1,52,1,0
0.5,0.75,0.5,5,172,4,40
0.5,0.75,0.5,10,364,11,0
0.5,0.75,0.5,20,996,18,213
0.5,0.75,0.5,50,2037,35,876
0.5,0.75,0.5,100,5164,57,3518
0.5,0.75,0.5,1,29,1,0
0.5,0.75,0.5,5,379,6,12
0.5,0.75,0.5,10,549,9,31
0.5,0.75,0.5,20,989,18,478
0.5,0.75,0.5,50,1844,30,1075
0.5,0.75,0.5,100,4954,57,3241
0.5,0.75,0.5,1,232,2,0
0.5,0.75,0.5,5,145,4,54
0.5,0.75,0.5,10,429,8,71
0.5,0.75,0.5,20,715,16,175
0.5,0.75,0.5,50,2581,34,1224
0.5,0.75,0.5,100,5240,61,3645
0.5,0.75,0.75,1,28,1,0
0.5,0.75,0.75,5,191,5,0
0.5,0.75,0.75,10,210,8,33
0.5,0.75,0.75,20,1009,17,349
0.5,0.75,0.75,50,2235,36,1178
0.5,0.75,0.75,100,4474,62,2541
0.5,0.75,0.75,1,21,1,0
0.5,0.75,0.75,5,237,7,0
0.5,0.75,0.75,10,642,8,126
0.5,0.75,0.75,20,931,18,176
0.5,0.75,0.75,50,2267,37,1030
0.5,0.75,0.75,100,4228,54,2732
0.5,0.75,0.75,1,51,1,0
0.5,0.75,0.75,5,169,5,0
0.5,0.75,0.75,10,368,12,0
0.5,0.75,0.75,20,771,19,208
0.5,0.75,0.75,50,2442,33,1270
0.5,0.75,0.75,100,4414,63,2634
0.5,0.75,0.75,1,59,1,0
0.5,0.75,0.75,5,335,6,0
0.5,0.75,0.75,10,299,9,63
0.5,0.75,0.75,20,633,20,145
0.5,0.75,0.75,50,2789,42,1116
0.5,0.75,0.75,100,5165,53,3599
0.5,0.75,0.75,1,26,1,0
0.5,0.75,0.75,5,231,4,11
0.5,0.75,0.75,10,564,9,209
0.5,0.75,0.75,20,1031,17,216
0.5,0.75,0.75,50,2072,38,1135
0.5,0.75,0.75,100,4913,59,3443
0.5,0.75,1,1,38,1,0
0.5,0.75,1,5,143,5,10
0.5,0.75,1,10,410,11,29
0.5,0.75,1,20,815,20,229
0.5,0.75,1,50,2492,35,1344
0.5,0.75,1,100,5076,63,3480
0.5,0.75,1,1,46,1,0
0.5,0.75,1,5,246,5,0
0.5,0.75,1,10,393,9,85
0.5,0.75,1,20,1295,21,447
0.5,0.75,1,50,2254,37,1214
0.5,0.75,1,100,5172,56,3751
0.5,0.75,1,1,70,1,0
0.5,0.75,1,5,347,5,0
0.5,0.75,1,10,543,8,247
0.5,0.75,1,20,920,15,280
0.5,0.75,1,50,2079,40,913
0.5,0.75,1,100,4393,65,2801
0.5,0.75,1,1,45,1,0
0.5,0.75,1,5,184,5,12
0.5,0.75,1,10,518,9,114
0.5,0.75,1,20,1036,19,315
0.5,0.75,1,50,2651,35,1342
0.5,0.75,1,100,4560,63,2849
0.5,0.75,1,1,25,1,0
0.5,0.75,1,5,335,5,109
0.5,0.75,1,10,411,9,58
0.5,0.75,1,20,1056,18,344
0.5,0.75,1,50,2509,29,1528
0.5,0.75,1,100,4740,59,3309
0.5,1,0,1,14,2,0
0.5,1,0,5,156,5,16
0.5,1,0,10,739,13,152
0.5,1,0,20,900,18,248
0.5,1,0,50,2182,34,874
0.5,1,0,100,4608,58,3212
0.5,1,0,1,26,1,0
0.5,1,0,5,184,4,11
0.5,1,0,10,287,9,25
0.5,1,0,20,1036,16,447
0.5,1,0,50,2406,37,1463
0.5,1,0,100,4613,57,3063
0.5,1,0,1,17,1,0
0.5,1,0,5,226,5,0
0.5,1,0,10,494,9,126
0.5,1,0,20,755,17,229
0.5,1,0,50,2408,36,1354
0.5,1,0,100,5190,65,3428
0.5,1,0,1,32,1,0
0.5,1,0,5,300,3,37
0.5,1,0,10,609,11,0
0.5,1,0,20,991,18,314
0.5,1,0,50,2375,34,1098
0.5,1,0,100,5520,67,3419
0.5,1,0,1,15,1,0
0.5,1,0,5,214,5,0
0.5,1,0,10,525,13,0
0.5,1,0,20,1079,21,303
0.5,1,0,50,2085,35,1161
0.5,1,0,100,4429,62,2709
0.5,1,0.25,1,12,1,0
0.5,1,0.25,5,210,4,82
0.5,1,0.25,10,632,9,44
0.5,1,0.25,20,1458,21,414
0.5,1,0.25,50,2045,35,1042
0.5,1,0.25,100,4243,64,2676
0.5,1,0.25,1,12,1,0
0.5,1,0.25,5,221,6,0
0.5,1,0.25,10,260,11,62
0.5,1,0.25,20,732,17,165
0.5,1,0.25,50,2154,41,1050
0.5,1,0.25,100,4463,55,3283
0.5,1,0.25,1,67,1,0
0.5,1,0.25,5,153,5,0
0.5,1,0.25,10,359,10,11
0.5,1,0.25,20,1070,15,392
0.5,1,0.25,50,2230,45,1007
0.5,1,0.25,100,4959,48,3528
0.5,1,0.25,1,38,1,0
0.5,1,0.25,5,210,5,84
0.5,1,0.25,10,466,10,8
0.5,1,0.25,20,911,19,308
0.5,1,0.25,50,2649,38,1212
0.5,1,0.25,100,4700,61,2921
0.5,1,0.25,1,32,1,0
0.5,1,0.25,5,252,6,13
0.5,1,0.25,10,450,10,24
0.5,1,0.25,20,817,18,178
0.5,1,0.25,50,2147,39,879
0.5,1,0.25,100,5296,55,3584
0.5,1,0.5,1,13,1,0
0.5,1,0.5,5,207,5,7
0.5,1,0.5,10,381,11,0
0.5,1,0.5,20,828,19,66
0.5,1,0.5,50,2243,39,976
0.5,1,0.5,100,4849,60,3385
0.5,1,0.5,1,52,1,0
0.5,1,0.5,5,254,5,0
0.5,1,0.5,10,614,12,70
0.5,1,0.5,20,1296,20,405
0.5,1,0.5,50,2517,37,1019
0.5,1,0.5,100,4404,48,3020
0.5,1,0.5,1,136,3,0
0.5,1,0.5,5,234,5,1
0.5,1,0.5,10,685,11,251
0.5,1,0.5,20,665,17,101
0.5,1,0.5,50,2065,38,1079
0.5,1,0.5,100,4362,56,2928
0.5,1,0.5,1,82,1,0
0.5,1,0.5,5,150,4,54
0.5,1,0.5,10,618,11,23
0.5,1,0.5,20,1270,18,249
0.5,1,0.5,50,2992,43,1537
0.5,1,0.5,100,4393,58,2807
0.5,1,0.5,1,72,1,0
0.5,1,0.5,5,131,6,0
0.5,1,0.5,10,487,9,76
0.5,1,0.5,20,1172,17,252
0.5,1,0.5,50,2545,39,1302
0.5,1,0.5,100,4999,58,3107
0.5,1,0.75,1,93,1,0
0.5,1,0.75,5,253,6,0
0.5,1,0.75,10,404,9,60
0.5,1,0.75,20,970,19,297
0.5,1,0.75,50,2275,36,1044
0.5,1,0.75,100,4695,68,3060
0.5,1,0.75,1,13,1,0
0.5,1,0.75,5,350,5,78
0.5,1,0.75,10,525,11,11
0.5,1,0.75,20,1155,20,236
0.5,1,0.75,50,2599,33,1494
0.5,1,0.75,100,4842,58,3299
0.5,1,0.75,1,57,1,0
0.5,1,0.75,5,342,5,38
0.5,1,0.75,10,517,20,32
0.5,1,0.75,20,1005,15,533
0.5,1,0.75,50,2169,33,1161
0.5,1,0.75,100,4949,69,3135
0.5,1,0.75,1,33,1,0
0.5,1,0.75,5,175,6,11
0.5,1,0.75,10,683,11,24
0.5,1,0.75,20,970,18,283
0.5,1,0.75,50,2379,39,1156
0.5,1,0.75,100,4570,63,2871
0.5,1,0.75,1,30,1,0
0.5,1,0.75,5,142,3,33
0.5,1,0.75,10,396,11,0
0.5,1,0.75,20,579,19,218
0.5,1,0.75,50,2974,37,1351
0.5,1,0.75,100,4964,56,3168
0.5,1,1,1,94,1,0
0.5,1,1,5,297,6,70
0.5,1,1,10,628,10,85
0.5,1,1,20,659,18,80
0.5,1,1,50,2656,43,1035
0.5,1,1,100,4716,60,3046
0.5,1,1,1,67,1,0
0.5,1,1,5,266,6,62
0.5,1,1,10,554,10,90
0.5,1,1,20,1013,15,305
0.5,1,1,50,2354,33,1148
0.5,1,1,100,4267,53,2665
0.5,1,1,1,149,1,0
0.5,1,1,5,272,5,0
0.5,1,1,10,247,9,54
0.5,1,1,20,1000,15,425
0.5,1,1,50,2349,42,1216
0.5,1,1,100,4714,56,3023
0.5,1,1,1,50,1,0
0.5,1,1,5,184,6,0
0.5,1,1,10,477,11,83
0.5,1,1,20,1030,16,266
0.5,1,1,50,2816,36,1525
0.5,1,1,100,5269,71,3377
0.5,1,1,1,21,1,0
0.5,1,1,5,158,5,0
0.5,1,1,10,428,9,11
0.5,1,1,20,1248,18,690
0.5,1,1,50,2523,41,1494
0.5,1,1,100,4293,60,2438
0.75,0,0,1,42,1,0
0.75,0,0,5,156,5,0
0.75,0,0,10,681,9,78
0.75,0,0,20,1348,21,527
0.75,0,0,50,2768,46,1962
0.75,0,0,100,4738,74,3077
0.75,0,0,1,14,1,0
0.75,0,0,5,218,5,99
0.75,0,0,10,352,12,3
0.75,0,0,20,1154,18,145
0.75,0,0,50,2213,47,1101
0.75,0,0,100,4584,68,2923
0.75,0,0,1,72,1,0
0.75,0,0,5,403,5,14
0.75,0,0,10,485,10,203
0.75,0,0,20,1230,26,565
0.75,0,0,50,2210,38,1036
0.75,0,0,100,5515,78,3905
0.75,0,0,1,23,1,0
0.75,0,0,5,166,4,14
0.75,0,0,10,884,17,187
0.75,0,0,20,846,18,204
0.75,0,0,50,2553,45,1236
0.75,0,0,100,4888,69,3636
0.75,0,0,1,43,1,0
0.75,0,0,5,169,7,14
0.75,0,0,10,804,8,274
0.75,0,0,20,1159,19,324
0.75,0,0,50,2493,44,1385
0.75,0,0,100,4102,59,2600
0.75,0,0.25,1,20,1,0
0.75,0,0.25,5,151,7,0
0.75,0,0.25,10,316,8,111
0.75,0,0.25,20,962,18,287
0.75,0,0.25,50,2771,44,1161
0.75,0,0.25,100,5085,68,3715
0.75,0,0.25,1,59,2,0
0.75,0,0.25,5,414,6,0
0.75,0,0.25,10,797,11,96
0.75,0,0.25,20,818,19,310
0.75,0,0.25,50,2613,41,1325
0.75,0,0.25,100,4567,67,3240
0.75,0,0.25,1,70,1,0
0.75,0,0.25,5,355,4,17
0.75,0,0.25,10,520,11,13
0.75,0,0.25,20,1111,18,275
0.75,0,0.25,50,2702,45,1709
0.75,0,0.25,100,4797,71,3401
0.75,0,0.25,1,34,1,0
0.75,0,0.25,5,209,5,0
0.75,0,0.25,10,457,11,56
0.75,0,0.25,20,1091,18,359
0.75,0,0.25,50,2287,39,1213
0.75,0,0.25,100,5261,83,3196
0.75,0,0.25,1,23,1,0
0.75,0,0.25,5,306,4,52
0.75,0,0.25,10,561,9,85
0.75,0,0.25,20,844,20,60
0.75,0,0.25,50,2131,39,899
0.75,0,0.25,100,5388,81,3827
0.75,0,0.5,1,68,1,0
0.75,0,0.5,5,482,6,0
0.75,0,0.5,10,450,11,43
0.75,0,0.5,20,893,17,363
0.75,0,0.5,50,2687,37,1422
0.75,0,0.5,100,4933,66,3461
0.75,0,0.5,1,76,2,0
0.75,0,0.5,5,123,5,27
0.75,0,0.5,10,584,12,0
0.75,0,0.5,20,871,27,267
0.75,0,0.5,50,2342,35,1069
0.75,0,0.5,100,5167,65,3663
0.75,0,0.5,1,39,1,0
0.75,0,0.5,5,293,6,0
0.75,0,0.5,10,635,10,86
0.75,0,0.5,20,945,17,101
0.75,0,0.5,50,2867,53,1542
0.75,0,0.5,100,4389,68,3051
0.75,0,0.5,1,71,1,0
0.75,0,0.5,5,191,5,0
0.75,0,0.5,10,384,12,42
0.75,0,0.5,20,1039,19,299
0.75,0,0.5,50,2544,38,1415
0.75,0,0.5,100,4794,67,3358
0.75,0,0.5,1,12,1,0
0.75,0,0.5,5,167,4,34
0.75,0,0.5,10,573,7,243
0.75,0,0.5,20,1371,18,459
0.75,0,0.5,50,1751,34,871
0.75,0,0.5,100,4486,73,2994
0.75,0,0.75,1,76,1,0
0.75,0,0.75,5,131,6,9
0.75,0,0.75,10,422,9,79
0.75,0,0.75,20,870,18,203
0.75,0,0.75,50,2480,38,1469
0.75,0,0.75,100,4816,59,3190
0.75,0,0.75,1,14,1,0
0.75,0,0.75,5,218,5,0
0.75,0,0.75,10,380,8,130
0.75,0,0.75,20,946,21,387
0.75,0,0.75,50,1976,41,826
0.75,0,0.75,100,4059,85,2088
0.75,0,0.75,1,36,1,0
0.75,0,0.75,5,172,8,0
0.75,0,0.75,10,610,10,235
0.75,0,0.75,20,857,22,207
0.75,0,0.75,50,2218,47,938
0.75,0,0.75,100,5052,71,3301
0.75,0,0.75,1,28,1,0
0.75,0,0.75,5,185,5,0
0.75,0,0.75,10,524,11,111
0.75,0,0.75,20,979,17,145
0.75,0,0.75,50,2333,37,1415
0.75,0,0.75,100,5466,88,3170
0.75,0,0.75,1,37,1,0
0.75,0,0.75,5,211,5,0
0.75,0,0.75,10,588,12,171
0.75,0,0.75,20,926,19,113
0.75,0,0.75,50,2624,40,1419
0.75,0,0.75,100,4588,63,3026
0.75,0,1,1,18,1,0
0.75,0,1,5,350,5,38
0.75,0,1,10,511,8,108
0.75,0,1,20,880,19,147
0.75,0,1,50,2659,48,1305
0.75,0,1,100,5062,93,3444
0.75,0,1,1,20,1,0
0.75,0,1,5,255,6,64
0.75,0,1,10,638,8,242
0.75,0,1,20,711,18,146
0.75,0,1,50,2889,49,1387
0.75,0,1,100,4959,63,3130
0.75,0,1,1,74,1,0
0.75,0,1,5,227,4,12
0.75,0,1,10,566,10,29
0.75,0,1,20,1305,22,625
0.75,0,1,50,2024,38,959
0.75,0,1,100,5040,78,3508
0.75,0,1,1,27,1,0
0.75,0,1,5,199,5,25
0.75,0,1,10,569,11,44
0.75,0,1,20,693,15,210
0.75,0,1,50,2223,49,791
0.75,0,1,100,4948,94,2920
0.75,0,1,1,70,1,0
0.75,0,1,5,148,7,0
0.75,0,1,10,517,8,132
0.75,0,1,20,996,20,350
0.75,0,1,50,2014,33,1108
0.75,0,1,100,5125,77,3289
0.75,0.25,0,1,113,1,0
0.75,0.25,0,5,364,6,0
0.75,0.25,0,10,359,10,33
0.75,0.25,0,20,780,17,219
0.75,0.25,0,50,2072,32,1035
0.75,0.25,0,100,4032,58,2629
0.75,0.25,0,1,73,1,0
0.75,0.25,0,5,365,5,119
0.75,0.25,0,10,589,10,72
0.75,0.25,0,20,798,15,268
0.75,0.25,0,50,2835,38,1484
0.75,0.25,0,100,4920,57,3316
0.75,0.25,0,1,11,1,0
0.75,0.25,0,5,79,6,0
0.75,0.25,0,10,403,10,83
0.75,0.25,0,20,1020,19,154
0.75,0.25,0,50,2133,37,866
0.75,0.25,0,100,4544,59,2930
0.75,0.25,0,1,58,1,0
0.75,0.25,0,5,216,5,4
0.75,0.25,0,10,556,11,8
0.75,0.25,0,20,762,21,22
0.75,0.25,0,50,2800,45,1265
0.75,0.25,0,100,4403,57,3008
0.75,0.25,0,1,56,1,0
0.75,0.25,0,5,129,5,10
0.75,0.25,0,10,460,10,70
0.75,0.25,0,20,1050,16,496
0.75,0.25,0,50,2021,37,858
0.75,0.25,0,100,4372,59,2697
0.75,0.25,0.25,1,37,3,0
0.75,0.25,0.25,5,191,5,0
0.75,0.25,0.25,10,578,7,196
0.75,0.25,0.25,20,838,30,142
0.75,0.25,0.25,50,2810,37,1671
0.75,0.25,0.25,100,4404,57,2846
0.75,0.25,0.25,1,21,1,0
0.75,0.25,0.25,5,262,5,13
0.75,0.25,0.25,10,772,10,118
0.75,0.25,0.25,20,853,20,120
0.75,0.25,0.25,50,2534,45,1257
0.75,0.25,0.25,100,4651,60,3271
0.75,0.25,0.25,1,18,1,0
0.75,0.25,0.25,5,125,5,0
0.75,0.25,0.25,10,433,10,123
0.75,0.25,0.25,20,914,20,131
0.75,0.25,0.25,50,2035,36,913
0.75,0.25,0.25,100,4879,59,3540
0.75,0.25,0.25,1,61,1,0
0.75,0.25,0.25,5,418,6,4
0.75,0.25,0.25,10,415,7,79
0.75,0.25,0.25,20,946,20,208
0.75,0.25,0.25,50,2453,35,1304
0.75,0.25,0.25,100,4967,66,2983
0.75,0.25,0.25,1,211,1,0
0.75,0.25,0.25,5,321,6,56
0.75,0.25,0.25,10,320,9,34
0.75,0.25,0.25,20,719,19,202
0.75,0.25,0.25,50,2422,39,1424
0.75,0.25,0.25,100,5051,66,3524
0.75,0.25,0.5,1,30,4,0
0.75,0.25,0.5,5,160,5,0
0.75,0.25,0.5,10,663,9,139
0.75,0.25,0.5,20,872,20,262
0.75,0.25,0.5,50,2069,41,776
0.75,0.25,0.5,100,4584,59,3281
0.75,0.25,0.5,1,71,1,0
0.75,0.25,0.5,5,176,5,0
0.75,0.25,0.5,10,504,9,125
0.75,0.25,0.5,20,1191,20,209
0.75,0.25,0.5,50,2185,35,1347
0.75,0.25,0.5,100,4793,58,3169
0.75,0.25,0.5,1,18,1,0
0.75,0.25,0.5,5,333,5,0
0.75,0.25,0.5,10,419,11,25
0.75,0.25,0.5,20,1158,15,511
0.75,0.25,0.5,50,2189,37,892
0.75,0.25,0.5,100,4672,66,3222
0.75,0.25,0.5,1,34,1,0
0.75,0.25,0.5,5,245,5,0
0.75,0.25,0.5,10,382,8,70
0.75,0.25,0.5,20,973,19,247
0.75,0.25,0.5,50,2298,40,1089
0.75,0.25,0.5,100,4800,63,3231
0.75,0.25,0.5,1,25,1,0
0.75,0.25,0.5,5,364,6,159
0.75,0.25,0.5,10,512,9,48
0.75,0.25,0.5,20,963,19,278
0.75,0.25,0.5,50,3031,39,1793
0.75,0.25,0.5,100,4583,74,2856
0.75,0.25,0.75,1,29,1,0
0.75,0.25,0.75,5,140,5,0
0.75,0.25,0.75,10,547,11,95
0.75,0.25,0.75,20,630,14,169
0.75,0.25,0.75,50,2895,41,1566
0.75,0.25,0.75,100,5111,62,3220
0.75,0.25,0.75,1,23,1,0
0.75,0.25,0.75,5,238,6,0
0.75,0.25,0.75,10,509,10,24
0.75,0.25,0.75,20,1148,18,392
0.75,0.25,0.75,50,2143,38,875
0.75,0.25,0.75,100,4513,64,2814
0.75,0.25,0.75,1,119,1,0
0.75,0.25,0.75,5,165,6,0
0.75,0.25,0.75,10,382,9,22
0.75,0.25,0.75,20,1417,17,486
0.75,0.25,0.75,50,2597,33,1446
0.75,0.25,0.75,100,4981,69,3014
0.75,0.25,0.75,1,34,1,0
0.75,0.25,0.75,5,192,6,79
0.75,0.25,0.75,10,349,11,49
0.75,0.25,0.75,20,945,16,321
0.75,0.25,0.75,50,2455,37,1164
0.75,0.25,0.75,100,4695,52,3438
0.75,0.25,0.75,1,44,1,0
0.75,0.25,0.75,5,206,5,0
0.75,0.25,0.75,10,445,10,29
0.75,0.25,0.75,20,1164,19,254
0.75,0.25,0.75,50,2329,35,1289
0.75,0.25,0.75,100,4769,64,3234
0.75,0.25,1,1,79,1,0
0.75,0.25,1,5,350,5,0
0.75,0.25,1,10,331,14,14
0.75,0.25,1,20,847,19,154
0.75,0.25,1,50,1915,37,1040
0.75,0.25,1,100,4330,82,2719
0.75,0.25,1,1,17,1,0
0.75,0.25,1,5,169,5,2
0.75,0.25,1,10,832,9,333
0.75,0.25,1,20,1130,21,466
0.75,0.25,1,50,1937,42,905
0.75,0.25,1,100,4990,64,3184
0.75,0.25,1,1,54,1,0
0.75,0.25,1,5,375,6,215
0.75,0.25,1,10,549,10,28
0.75,0.25,1,20,936,19,299
0.75,0.25,1,50,2133,37,1072
0.75,0.25,1,100,4896,64,3152
0.75,0.25,1,1,12,1,0
0.75,0.25,1,5,307,5,0
0.75,0.25,1,10,515,9,131
0.75,0.25,1,20,1019,17,406
0.75,0.25,1,50,2160,35,999
0.75,0.25,1,100,5249,71,3532
0.75,0.25,1,1,58,1,0
0.75,0.25,1,5,212,6,0
0.75,0.25,1,10,480,10,27
0.75,0.25,1,20,844,20,147
0.75,0.25,1,50,2197,33,1178
0.75,0.25,1,100,4354,62,2871
0.75,0.5,0,1,37,1,0
0.75,0.5,0,5,126,5,0
0.75,0.5,0,10,508,13,26
0.75,0.5,0,20,1090,21,160
0.75,0.5,0,50,2101,35,767
0.75,0.5,0,100,4699,60,2771
0.75,0.5,0,1,12,1,0
0.75,0.5,0,5,231,5,0
0.75,0.5,0,10,395,10,25
0.75,0.5,0,20,940,17,309
0.75,0.5,0,50,2379,38,908
0.75,0.5,0,100,4744,62,3035
0.75,0.5,0,1,88,1,0
0.75,0.5,0,5,150,5,0
0.75,0.5,0,10,360,11,40
0.75,0.5,0,20,818,18,263
0.75,0.5,0,50,2329,46,1246
0.75,0.5,0,100,5188,59,3389
0.75,0.5,0,1,48,1,0
0.75,0.5,0,5,140,5,0
0.75,0.5,0,10,417,11,23
0.75,0.5,0,20,902,18,210
0.75,0.5,0,50,1945,38,993
0.75,0.5,0,100,4152,58,3046
0.75,0.5,0,1,44,1,0
0.75,0.5,0,5,250,6,0
0.75,0.5,0,10,394,11,1
0.75,0.5,0,20,955,19,208
0.75,0.5,0,50,1883,36,847
0.75,0.5,0,100,4539,59,3028
0.75,0.5,0.25,1,71,1,0
0.75,0.5,0.25,5,414,5,25
0.75,0.5,0.25,10,444,9,31
0.75,0.5,0.25,20,853,18,209
0.75,0.5,0.25,50,2369,36,1151
0.75,0.5,0.25,100,5860,61,3983
0.75,0.5,0.25,1,17,1,0
0.75,0.5,0.25,5,236,5,0
0.75,0.5,0.25,10,387,11,70
0.75,0.5,0.25,20,1291,15,464
0.75,0.5,0.25,50,2616,35,1489
0.75,0.5,0.25,100,4415,57,3006
0.75,0.5,0.25,1,55,1,0
0.75,0.5,0.25,5,192,5,12
0.75,0.5,0.25,10,362,10,33
0.75,0.5,0.25,20,860,17,240
0.75,0.5,0.25,50,2435,43,986
0.75,0.5,0.25,100,4489,61,2832
0.75,0.5,0.25,1,37,2,0
0.75,0.5,0.25,5,305,5,0
0.75,0.5,0.25,10,633,10,53
0.75,0.5,0.25,20,843,21,251
0.75,0.5,0.25,50,2111,44,836
0.75,0.5,0.25,100,5202,70,3479
0.75,0.5,0.25,1,71,1,0
0.75,0.5,0.25,5,157,4,12
0.75,0.5,0.25,10,474,9,15
0.75,0.5,0.25,20,633,18,146
0.75,0.5,0.25,50,2426,41,797
0.75,0.5,0.25,100,4857,68,2784
0.75,0.5,0.5,1,48,1,0
0.75,0.5,0.5,5,234,5,0
0.75,0.5,0.5,10,331,8,103
0.75,0.5,0.5,20,1002,13,389
0.75,0.5,0.5,50,2003,56,585
0.75,0.5,0.5,100,4849,53,3325
0.75,0.5,0.5,1,12,1,0
0.75,0.5,0.5,5,226,5,0
0.75,0.5,0.5,10,465,10,0
0.75,0.5,0.5,20,854,18,196
0.75,0.5,0.5,50,2061,38,987
0.75,0.5,0.5,100,5068,68,3293
0.75,0.5,0.5,1,17,1,0
0.75,0.5,0.5,5,163,5,0
0.75,0.5,0.5,10,419,9,84
0.75,0.5,0.5,20,748,21,114
0.75,0.5,0.5,50,2805,32,1609
0.75,0.5,0.5,100,5120,48,3752
0.75,0.5,0.5,1,55,1,0
0.75,0.5,0.5,5,142,5,0
0.75,0.5,0.5,10,385,10,30
0.75,0.5,0.5,20,727,19,161
0.75,0.5,0.5,50,2512,40,1329
0.75,0.5,0.5,100,4061,61,2508
0.75,0.5,0.5,1,18,1,0
0.75,0.5,0.5,5,139,4,12
0.75,0.5,0.5,10,817,8,189
0.75,0.5,0.5,20,1076,16,446
0.75,0.5,0.5,50,2949,37,1419
0.75,0.5,0.5,100,4982,61,3363
0.75,0.5,0.75,1,30,1,0
0.75,0.5,0.75,5,174,5,42
0.75,0.5,0.75,10,558,10,59
0.75,0.5,0.75,20,1165,28,228
0.75,0.5,0.75,50,2247,41,1229
0.75,0.5,0.75,100,4881,63,3110
0.75,0.5,0.75,1,33,1,0
0.75,0.5,0.75,5,220,5,0
0.75,0.5,0.75,10,450,10,39
0.75,0.5,0.75,20,820,17,307
0.75,0.5,0.75,50,2505,38,1276
0.75,0.5,0.75,100,5494,67,3515
0.75,0.5,0.75,1,54,1,0
0.75,0.5,0.75,5,145,5,0
0.75,0.5,0.75,10,408,10,12
0.75,0.5,0.75,20,897,16,218
0.75,0.5,0.75,50,2216,28,1229
0.75,0.5,0.75,100,4393,60,2832
0.75,0.5,0.75,1,26,1,0
0.75,0.5,0.75,5,248,6,0
0.75,0.5,0.75,10,348,9,70
0.75,0.5,0.75,20,1105,18,351
0.75,0.5,0.75,50,2532,35,1231
0.75,0.5,0.75,100,4214,63,2734
0.75,0.5,0.75,1,21,1,0
0.75,0.5,0.75,5,270,5,78
0.75,0.5,0.75,10,385,9,13
0.75,0.5,0.75,20,835,31,56
0.75,0.5,0.75,50,2286,42,753
0.75,0.5,0.75,100,5122,54,3541
0.75,0.5,1,1,90,1,0
0.75,0.5,1,5,142,5,12
0.75,0.5,1,10,461,9,34
0.75,0.5,1,20,705,15,193
0.75,0.5,1,50,2491,35,981
0.75,0.5,1,100,4657,63,3041
0.75,0.5,1,1,54,1,0
0.75,0.5,1,5,134,4,13
0.75,0.5,1,10,401,10,1
0.75,0.5,1,20,1003,20,201
0.75,0.5,1,50,2214,36,1136
0.75,0.5,1,100,5580,68,3871
0.75,0.5,1,1,27,1,0
0.75,0.5,1,5,267,5,1
0.75,0.5,1,10,651,10,26
0.75,0.5,1,20,1082,16,180
0.75,0.5,1,50,1942,42,930
0.75,0.5,1,100,4521,60,3181
0.75,0.5,1,1,13,1,0
0.75,0.5,1,5,164,6,2
0.75,0.5,1,10,344,10,130
0.75,0.5,1,20,1061,17,421
0.75,0.5,1,50,2286,34,1283
0.75,0.5,1,100,4514,64,3039
0.75,0.5,1,1,163,1,0
0.75,0.5,1,5,196,6,0
0.75,0.5,1,10,539,8,90
0.75,0.5,1,20,1172,17,354
0.75,0.5,1,50,2140,36,1105
0.75,0.5,1,100,4431,58,3048
0.75,0.75,0,1,12,1,0
0.75,0.75,0,5,274,5,135
0.75,0.75,0,10,416,10,37
0.75,0.75,0,20,885,17,335
0.75,0.75,0,50,2239,33,1326
0.75,0.75,0,100,5094,63,3407
0.75,0.75,0,1,12,1,0
0.75,0.75,0,5,341,5,0
0.75,0.75,0,10,464,11,94
0.75,0.75,0,20,933,17,245
0.75,0.75,0,50,3079,38,1703
0.75,0.75,0,100,4496,60,2840
0.75,0.75,0,1,73,1,0
0.75,0.75,0,5,145,5,0
0.75,0.75,0,10,377,10,13
0.75,0.75,0,20,622,14,264
0.75,0.75,0,50,2528,42,1235
0.75,0.75,0,100,4729,71,2960
0.75,0.75,0,1,15,1,0
0.75,0.75,0,5,239,5,49
0.75,0.75,0,10,561,12,78
0.75,0.75,0,20,800,16,284
0.75,0.75,0,50,2496,42,1187
0.75,0.75,0,100,4846,53,3447
0.75,0.75,0,1,26,1,0
0.75,0.75,0,5,291,3,212
0.75,0.75,0,10,517,21,63
0.75,0.75,0,20,702,16,205
0.75,0.75,0,50,2234,34,1134
0.75,0.75,0,100,4729,61,3303
0.75,0.75,0.25,1,18,1,0
0.75,0.75,0.25,5,351,4,46
0.75,0.75,0.25,10,419,8,72
0.75,0.75,0.25,20,1034,14,319
0.75,0.75,0.25,50,2000,33,1002
0.75,0.75,0.25,100,4211,55,2622
0.75,0.75,0.25,1,71,1,0
0.75,0.75,0.25,5,249,4,23
0.75,0.75,0.25,10,239,7,97
0.75,0.75,0.25,20,658,18,139
0.75,0.75,0.25,50,2404,41,928
0.75,0.75,0.25,100,4499,58,3246
0.75,0.75,0.25,1,11,1,0
0.75,0.75,0.25,5,469,5,107
0.75,0.75,0.25,10,520,8,189
0.75,0.75,0.25,20,995,20,245
0.75,0.75,0.25,50,2473,38,1325
0.75,0.75,0.25,100,4866,67,2359
0.75,0.75,0.25,1,20,1,0
0.75,0.75,0.25,5,196,4,42
0.75,0.75,0.25,10,563,9,101
0.75,0.75,0.25,20,954,17,212
0.75,0.75,0.25,50,2061,36,1079
0.75,0.75,0.25,100,5107,56,3346
0.75,0.75,0.25,1,211,1,0
0.75,0.75,0.25,5,287,4,30
0.75,0.75,0.25,10,699,9,107
0.75,0.75,0.25,20,981,18,191
0.75,0.75,0.25,50,2808,33,1685
0.75,0.75,0.25,100,4391,57,2788
0.75,0.75,0.5,1,50,1,0
0.75,0.75,0.5,5,251,5,0
0.75,0.75,0.5,10,436,13,137
0.75,0.75,0.5,20,1157,18,315
0.75,0.75,0.5,50,2197,35,1100
0.75,0.75,0.5,100,4599,62,3150
0.75,0.75,0.5,1,29,1,0
0.75,0.75,0.5,5,305,5,16
0.75,0.75,0.5,10,315,9,53
0.75,0.75,0.5,20,970,16,198
0.75,0.75,0.5,50,1944,37,891
0.75,0.75,0.5,100,5446,63,3502
0.75,0.75,0.5,1,11,1,0
0.75,0.75,0.5,5,206,5,0
0.75,0.75,0.5,10,298,9,93
0.75,0.75,0.5,20,923,15,405
0.75,0.75,0.5,50,2842,31,1704
0.75,0.75,0.5,100,4650,55,2894
0.75,0.75,0.5,1,43,1,0
0.75,0.75,0.5,5,488,7,0
0.75,0.75,0.5,10,627,9,96
0.75,0.75,0.5,20,1272,21,165
0.75,0.75,0.5,50,2268,38,1014
0.75,0.75,0.5,100,4689,50,3404
0.75,0.75,0.5,1,21,1,0
0.75,0.75,0.5,5,244,4,34
0.75,0.75,0.5,10,529,9,107
0.75,0.75,0.5,20,962,22,139
0.75,0.75,0.5,50,2680,48,1370
0.75,0.75,0.5,100,4492,58,2701
0.75,0.75,0.75,1,27,1,0
0.75,0.75,0.75,5,267,5,19
0.75,0.75,0.75,10,424,9,72
0.75,0.75,0.75,20,897,23,86
0.75,0.75,0.75,50,2298,47,1118
0.75,0.75,0.75,100,4502,62,3006
0.75,0.75,0.75,1,73,1,0
0.75,0.75,0.75,5,130,5,12
0.75,0.75,0.75,10,432,10,56
0.75,0.75,0.75,20,832,19,82
0.75,0.75,0.75,50,1898,36,928
0.75,0.75,0.75,100,5076,59,3317
0.75,0.75,0.75,1,16,1,0
0.75,0.75,0.75,5,331,5,99
0.75,0.75,0.75,10,607,10,209
0.75,0.75,0.75,20,1206,20,201
0.75,0.75,0.75,50,2341,36,1316
0.75,0.75,0.75,100,4079,55,2624
0.75,0.75,0.75,1,26,1,0
0.75,0.75,0.75,5,236,5,0
0.75,0.75,0.75,10,467,10,42
0.75,0.75,0.75,20,860,20,252
0.75,0.75,0.75,50,2525,33,1069
0.75,0.75,0.75,100,4877,65,3258
0.75,0.75,0.75,1,16,1,0
0.75,0.75,0.75,5,259,5,0
0.75,0.75,0.75,10,598,8,252
0.75,0.75,0.75,20,783,16,235
0.75,0.75,0.75,50,2854,36,1543
0.75,0.75,0.75,100,5402,66,3831
0.75,0.75,1,1,63,1,0
0.75,0.75,1,5,359,5,87
0.75,0.75,1,10,462,12,28
0.75,0.75,1,20,895,16,486
0.75,0.75,1,50,2183,35,955
0.75,0.75,1,100,4627,55,3190
0.75,0.75,1,1,113,1,0
0.75,0.75,1,5,321,4,200
0.75,0.75,1,10,601,11,256
0.75,0.75,1,20,828,17,273
0.75,0.75,1,50,2248,37,1162
0.75,0.75,1,100,3987,54,2610
0.75,0.75,1,1,29,1,0
0.75,0.75,1,5,312,5,53
0.75,0.75,1,10,355,9,99
0.75,0.75,1,20,1227,18,420
0.75,0.75,1,50,1978,33,1172
0.75,0.75,1,100,4930,56,3383
0.75,0.75,1,1,44,1,0
0.75,0.75,1,5,330,6,0
0.75,0.75,1,10,428,9,53
0.75,0.75,1,20,1069,14,308
0.75,0.75,1,50,2458,39,1359
0.75,0.75,1,100,4732,66,3011
0.75,0.75,1,1,39,2,0
0.75,0.75,1,5,151,4,28
0.75,0.75,1,10,341,7,122
0.75,0.75,1,20,1003,13,397
0.75,0.75,1,50,2568,41,1458
0.75,0.75,1,100,4253,57,2919
0.75,1,0,1,38,1,0
0.75,1,0,5,275,5,111
0.75,1,0,10,347,9,37
0.75,1,0,20,762,15,126
0.75,1,0,50,2127,35,1164
0.75,1,0,100,4491,64,2847
0.75,1,0,1,19,1,0
0.75,1,0,5,366,5,79
0.75,1,0,10,681,11,91
0.75,1,0,20,1112,16,460
0.75,1,0,50,2108,33,1072
0.75,1,0,100,4649,61,3292
0.75,1,0,1,53,1,0
0.75,1,0,5,301,5,0
0.75,1,0,10,224,7,47
0.75,1,0,20,1085,18,424
0.75,1,0,50,2160,54,631
0.75,1,0,100,5099,67,3150
0.75,1,0,1,12,1,0
0.75,1,0,5,294,5,0
0.75,1,0,10,481,8,109
0.75,1,0,20,821,18,239
0.75,1,0,50,2650,42,1212
0.75,1,0,100,4941,69,3001
0.75,1,0,1,12,1,0
0.75,1,0,5,265,5,0
0.75,1,0,10,367,12,1
0.75,1,0,20,826,15,314
0.75,1,0,50,2786,39,1517
0.75,1,0,100,4425,46,3297
0.75,1,0.25,1,16,1,0
0.75,1,0.25,5,276,4,11
0.75,1,0.25,10,578,9,108
0.75,1,0.25,20,1204,14,529
0.75,1,0.25,50,2427,44,1070
0.75,1,0.25,100,4645,65,2918
0.75,1,0.25,1,11,1,0
0.75,1,0.25,5,232,4,34
0.75,1,0.25,10,547,10,96
0.75,1,0.25,20,960,18,301
0.75,1,0.25,50,2153,31,1112
0.75,1,0.25,100,4879,61,3143
0.75,1,0.25,1,82,1,0
0.75,1,0.25,5,297,5,85
0.75,1,0.25,10,546,11,34
0.75,1,0.25,20,845,17,142
0.75,1,0.25,50,2932,41,1673
0.75,1,0.25,100,4540,59,2788
0.75,1,0.25,1,22,1,0
0.75,1,0.25,5,301,6,0
0.75,1,0.25,10,313,9,41
0.75,1,0.25,20,951,17,132
0.75,1,0.25,50,1997,28,976
0.75,1,0.25,100,4303,59,2591
0.75,1,0.25,1,15,1,0
0.75,1,0.25,5,391,6,0
0.75,1,0.25,10,443,11,49
0.75,1,0.25,20,836,21,298
0.75,1,0.25,50,2320,35,1192
0.75,1,0.25,100,4540,62,2799
0.75,1,0.5,1,23,1,0
0.75,1,0.5,5,191,4,16
0.75,1,0.5,10,637,11,3
0.75,1,0.5,20,887,18,160
0.75,1,0.5,50,2299,39,1152
0.75,1,0.5,100,5051,58,3367
0.75,1,0.5,1,63,1,0
0.75,1,0.5,5,159,5,0
0.75,1,0.5,10,260,9,15
0.75,1,0.5,20,1366,18,615
0.75,1,0.5,50,3057,38,1450
0.75,1,0.5,100,4516,56,3107
0.75,1,0.5,1,16,1,0
0.75,1,0.5,5,115,5,0
0.75,1,0.5,10,561,13,87
0.75,1,0.5,20,1049,20,263
0.75,1,0.5,50,2684,31,1563
0.75,1,0.5,100,4343,59,2974
0.75,1,0.5,1,18,1,0
0.75,1,0.5,5,214,5,0
0.75,1,0.5,10,669,11,174
0.75,1,0.5,20,930,17,272
0.75,1,0.5,50,2111,35,899
0.75,1,0.5,100,4432,55,3234
0.75,1,0.5,1,24,1,0
0.75,1,0.5,5,227,4,139
0.75,1,0.5,10,322,10,87
0.75,1,0.5,20,687,18,182
0.75,1,0.5,50,1598,33,834
0.75,1,0.5,100,4800,59,2806
0.75,1,0.75,1,67,1,0
0.75,1,0.75,5,250,7,5
0.75,1,0.75,10,538,11,21
0.75,1,0.75,20,797,20,74
0.75,1,0.75,50,2452,40,1174
0.75,1,0.75,100,5469,76,3195
0.75,1,0.75,1,42,1,0
0.75,1,0.75,5,252,5,0
0.75,1,0.75,10,438,10,96
0.75,1,0.75,20,975,17,219
0.75,1,0.75,50,2375,37,1212
0.75,1,0.75,100,5267,58,3380
0.75,1,0.75,1,20,1,0
0.75,1,0.75,5,105,5,0
0.75,1,0.75,10,683,10,107
0.75,1,0.75,20,1013,19,450
0.75,1,0.75,50,2421,37,1457
0.75,1,0.75,100,4567,51,2940
0.75,1,0.75,1,15,1,0
0.75,1,0.75,5,126,4,11
0.75,1,0.75,10,304,9,96
0.75,1,0.75,20,1198,18,413
0.75,1,0.75,50,2294,43,1317
0.75,1,0.75,100,4776,56,3228
0.75,1,0.75,1,40,1,0
0.75,1,0.75,5,212,5,15
0.75,1,0.75,10,651,8,289
0.75,1,0.75,20,809,19,115
0.75,1,0.75,50,2355,37,1021
0.75,1,0.75,100,5140,55,3806
0.75,1,1,1,29,1,0
0.75,1,1,5,288,6,0
0.75,1,1,10,630,10,170
0.75,1,1,20,906,18,192
0.75,1,1,50,2734,41,1323
0.75,1,1,100,4768,58,3091
0.75,1,1,1,18,1,0
0.75,1,1,5,242,5,0
0.75,1,1,10,388,9,91
0.75,1,1,20,1260,21,303
0.75,1,1,50,1993,39,743
0.75,1,1,100,5101,63,3245
0.75,1,1,1,23,1,0
0.75,1,1,5,234,5,0
0.75,1,1,10,470,8,154
0.75,1,1,20,903,17,340
0.75,1,1,50,2559,38,1323
0.75,1,1,100,5095,55,3510
0.75,1,1,1,129,1,0
0.75,1,1,5,156,5,0
0.75,1,1,10,694,13,181
0.75,1,1,20,1022,19,220
0.75,1,1,50,2322,40,1307
0.75,1,1,100,4668,62,3000
0.75,1,1,1,72,1,0
0.75,1,1,5,179,5,26
0.75,1,1,10,722,12,36
0.75,1,1,20,899,24,125
0.75,1,1,50,2738,42,1420
0.75,1,1,100,4475,63,2909
1,0,0,1,11,1,0
1,0,0,5,160,5,0
1,0,0,10,685,12,136
1,0,0,20,872,20,302
1,0,0,50,2923,43,1606
1,0,0,100,4441,69,3138
1,0,0,1,19,1,0
1,0,0,5,167,5,0
1,0,0,10,542,10,122
1,0,0,20,758,19,112
1,0,0,50,2503,43,1004
1,0,0,100,4860,66,3628
1,0,0,1,26,1,0
1,0,0,5,190,5,0
1,0,0,10,362,9,87
1,0,0,20,950,20,197
1,0,0,50,2188,38,1201
1,0,0,100,4743,82,2989
1,0,0,1,18,1,0
1,0,0,5,243,5,0
1,0,0,10,718,15,66
1,0,0,20,1424,30,308
1,0,0,50,2275,48,1195
1,0,0,100,5132,83,3319
1,0,0,1,14,1,0
1,0,0,5,133,5,0
1,0,0,10,503,9,166
1,0,0,20,943,22,156
1,0,0,50,2133,40,1151
1,0,0,100,4467,71,3063
1,0,0.25,1,30,1,0
1,0,0.25,5,113,5,0
1,0,0.25,10,489,8,195
1,0,0.25,20,932,17,155
1,0,0.25,50,2395,40,1221
1,0,0.25,100,4714,72,2730
1,0,0.25,1,34,1,0
1,0,0.25,5,382,5,0
1,0,0.25,10,501,10,59
1,0,0.25,20,964,18,337
1,0,0.25,50,2481,38,1320
1,0,0.25,100,4987,78,3393
1,0,0.25,1,33,1,0
1,0,0.25,5,212,6,0
1,0,0.25,10,338,10,1
1,0,0.25,20,951,18,334
1,0,0.25,50,2689,41,1314
1,0,0.25,100,4728,75,2883
1,0,0.25,1,73,1,0
1,0,0.25,5,192,4,13
1,0,0.25,10,326,10,12
1,0,0.25,20,1483,22,487
1,0,0.25,50,2488,40,1401
1,0,0.25,100,4762,69,3356
1,0,0.25,1,35,1,0
1,0,0.25,5,206,6,4
1,0,0.25,10,569,11,4
1,0,0.25,20,996,17,301
1,0,0.25,50,2644,39,1254
1,0,0.25,100,4247,73,2673
1,0,0.5,1,57,1,0
1,0,0.5,5,279,5,0
1,0,0.5,10,537,11,7
1,0,0.5,20,1172,17,463
1,0,0.5,50,2061,44,1129
1,0,0.5,100,4844,74,3433
1,0,0.5,1,54,1,0
1,0,0.5,5,178,5,0
1,0,0.5,10,444,12,47
1,0,0.5,20,1056,21,329
1,0,0.5,50,2200,43,1232
1,0,0.5,100,4681,80,2913
1,0,0.5,1,48,1,0
1,0,0.5,5,306,5,34
1,0,0.5,10,325,11,0
1,0,0.5,20,742,16,303
1,0,0.5,50,2027,35,992
1,0,0.5,100,4398,65,2794
1,0,0.5,1,12,1,0
1,0,0.5,5,551,5,120
1,0,0.5,10,252,7,90
1,0,0.5,20,1295,20,645
1,0,0.5,50,2487,40,1149
1,0,0.5,100,4823,64,3208
1,0,0.5,1,11,1,0
1,0,0.5,5,327,6,1
1,0,0.5,10,436,10,33
1,0,0.5,20,1060,16,365
1,0,0.5,50,1929,41,874
1,0,0.5,100,4251,62,2756
1,0,0.75,1,70,1,0
1,0,0.75,5,292,4,88
1,0,0.75,10,319,10,0
1,0,0.75,20,914,16,167
1,0,0.75,50,1940,39,855
1,0,0.75,100,4566,70,3106
1,0,0.75,1,23,1,0
1,0,0.75,5,197,5,0
1,0,0.75,10,518,10,109
1,0,0.75,20,696,19,249
1,0,0.75,50,2256,36,1080
1,0,0.75,100,4818,71,3205
1,0,0.75,1,33,1,0
1,0,0.75,5,159,5,0
1,0,0.75,10,663,10,232
1,0,0.75,20,781,23,241
1,0,0.75,50,2407,40,1143
1,0,0.75,100,4774,76,3065
1,0,0.75,1,66,1,0
1,0,0.75,5,164,6,0
1,0,0.75,10,386,10,55
1,0,0.75,20,1164,19,381
1,0,0.75,50,2778,47,1544
1,0,0.75,100,4681,70,3431
1,0,0.75,1,62,1,0
1,0,0.75,5,133,5,0
1,0,0.75,10,815,12,185
1,0,0.75,20,865,24,67
1,0,0.75,50,2519,50,1046
1,0,0.75,100,3904,71,2354
1,0,1,1,34,1,0
1,0,1,5,242,4,15
1,0,1,10,477,9,52
1,0,1,20,1158,16,516
1,0,1,50,2184,43,1129
1,0,1,100,4830,67,3295
1,0,1,1,47,1,0
1,0,1,5,202,5,0
1,0,1,10,357,9,63
1,0,1,20,647,16,98
1,0,1,50,1975,44,876
1,0,1,100,5087,80,3478
1,0,1,1,104,1,0
1,0,1,5,172,5,0
1,0,1,10,523,10,0
1,0,1,20,883,19,107
1,0,1,50,2078,41,906
1,0,1,100,5141,74,3582
1,0,1,1,58,1,0
1,0,1,5,163,5,0
1,0,1,10,440,11,3
1,0,1,20,1113,19,531
1,0,1,50,2221,40,1037
1,0,1,100,4433,63,2938
1,0,1,1,58,1,0
1,0,1,5,409,5,0
1,0,1,10,586,10,124
1,0,1,20,1036,15,440
1,0,1,50,2642,44,1108
1,0,1,100,5005,71,3311
1,0.25,0,1,12,1,0
1,0.25,0,5,136,5,0
1,0.25,0,10,423,10,101
1,0.25,0,20,673,19,112
1,0.25,0,50,2090,41,874
1,0.25,0,100,4603,60,2746
1,0.25,0,1,49,1,0
1,0.25,0,5,321,6,0
1,0.25,0,10,539,11,54
1,0.25,0,20,1017,15,370
1,0.25,0,50,2453,36,1280
1,0.25,0,100,5022,60,3433
1,0.25,0,1,37,1,0
1,0.25,0,5,218,5,0
1,0.25,0,10,325,12,12
1,0.25,0,20,1010,18,168
1,0.25,0,50,1912,42,839
1,0.25,0,100,3755,59,2464
1,0.25,0,1,46,1,0
1,0.25,0,5,179,4,44
1,0.25,0,10,401,10,135
1,0.25,0,20,897,18,212
1,0.25,0,50,2648,32,1240
1,0.25,0,100,4493,59,3024
1,0.25,0,1,61,1,0
1,0.25,0,5,235,5,13
1,0.25,0,10,611,11,122
1,0.25,0,20,949,18,212
1,0.25,0,50,2326,32,1183
1,0.25,0,100,4902,60,3365
1,0.25,0.25,1,24,1,0
1,0.25,0.25,5,124,6,0
1,0.25,0.25,10,444,12,0
1,0.25,0.25,20,1201,19,403
1,0.25,0.25,50,2563,42,1176
1,0.25,0.25,100,4412,57,3038
1,0.25,0.25,1,35,1,0
1,0.25,0.25,5,171,5,10
1,0.25,0.25,10,654,11,56
1,0.25,0.25,20,733,17,219
1,0.25,0.25,50,2680,45,1164
1,0.25,0.25,100,4554,61,2826
1,0.25,0.25,1,71,1,0
1,0.25,0.25,5,235,5,0
1,0.25,0.25,10,688,10,27
1,0.25,0.25,20,1003,19,167
1,0.25,0.25,50,2071,38,875
1,0.25,0.25,100,5371,60,3684
1,0.25,0.25,1,41,1,0
1,0.25,0.25,5,240,6,0
1,0.25,0.25,10,821,11,374
1,0.25,0.25,20,1154,17,405
1,0.25,0.25,50,2465,37,1246
1,0.25,0.25,100,4221,64,2598
1,0.25,0.25,1,25,1,0
1,0.25,0.25,5,302,5,70
1,0.25,0.25,10,427,11,69
1,0.25,0.25,20,788,17,268
1,0.25,0.25,50,2189,33,967
1,0.25,0.25,100,5849,70,3766
1,0.25,0.5,1,55,1,0
1,0.25,0.5,5,356,5,33
1,0.25,0.5,10,331,9,55
1,0.25,0.5,20,1066,17,272
1,0.25,0.5,50,2653,40,1274
1,0.25,0.5,100,4321,61,2685
1,0.25,0.5,1,148,1,0
1,0.25,0.5,5,322,4,22
1,0.25,0.5,10,296,10,27
1,0.25,0.5,20,858,16,284
1,0.25,0.5,50,2243,40,999
1,0.25,0.5,100,4761,65,2907
1,0.25,0.5,1,72,1,0
1,0.25,0.5,5,175,5,0
1,0.25,0.5,10,692,11,3
1,0.25,0.5,20,899,15,261
1,0.25,0.5,50,1890,35,1058
1,0.25,0.5,100,5178,68,3517
1,0.25,0.5,1,44,1,0
1,0.25,0.5,5,116,5,27
1,0.25,0.5,10,410,11,31
1,0.25,0.5,20,652,16,164
1,0.25,0.5,50,2127,41,1153
1,0.25,0.5,100,4796,62,3505
1,0.25,0.5,1,11,1,0
1,0.25,0.5,5,419,6,1
1,0.25,0.5,10,377,12,0
1,0.25,0.5,20,727,20,86
1,0.25,0.5,50,2242,39,1127
1,0.25,0.5,100,5166,68,3527
1,0.25,0.75,1,17,1,0
1,0.25,0.75,5,231,5,18
1,0.25,0.75,10,435,9,58
1,0.25,0.75,20,777,16,199
1,0.25,0.75,50,2355,35,1070
1,0.25,0.75,100,4469,61,2722
1,0.25,0.75,1,18,1,0
1,0.25,0.75,5,283,5,1
1,0.25,0.75,10,498,11,140
1,0.25,0.75,20,715,18,206
1,0.25,0.75,50,2462,39,1013
1,0.25,0.75,100,4816,65,2964
1,0.25,0.75,1,15,1,0
1,0.25,0.75,5,275,7,0
1,0.25,0.75,10,392,8,84
1,0.25,0.75,20,911,20,223
1,0.25,0.75,50,2562,39,1159
1,0.25,0.75,100,3946,65,2516
1,0.25,0.75,1,78,1,0
1,0.25,0.75,5,243,4,35
1,0.25,0.75,10,382,11,46
1,0.25,0.75,20,1015,16,400
1,0.25,0.75,50,2271,50,1071
1,0.25,0.75,100,4150,57,2881
1,0.25,0.75,1,34,1,0
1,0.25,0.75,5,213,5,0
1,0.25,0.75,10,564,9,27
1,0.25,0.75,20,1015,21,328
1,0.25,0.75,50,2142,40,972
1,0.25,0.75,100,5176,67,3396
1,0.25,1,1,72,1,0
1,0.25,1,5,227,5,0
1,0.25,1,10,314,9,72
1,0.25,1,20,586,19,142
1,0.25,1,50,2513,39,1348
1,0.25,1,100,4443,59,3052
1,0.25,1,1,89,1,0
1,0.25,1,5,240,3,109
1,0.25,1,10,332,10,35
1,0.25,1,20,1141,17,337
1,0.25,1,50,2696,42,1477
1,0.25,1,100,4644,62,3424
1,0.25,1,1,32,1,0
1,0.25,1,5,313,5,8
1,0.25,1,10,474,8,133
1,0.25,1,20,999,21,33
1,0.25,1,50,2360,42,1243
1,0.25,1,100,5024,59,3537
1,0.25,1,1,52,1,0
1,0.25,1,5,216,6,0
1,0.25,1,10,586,14,0
1,0.25,1,20,847,18,142
1,0.25,1,50,1497,39,572
1,0.25,1,100,4648,60,3109
1,0.25,1,1,70,1,0
1,0.25,1,5,458,7,23
1,0.25,1,10,518,10,155
1,0.25,1,20,959,16,441
1,0.25,1,50,2399,38,1283
1,0.25,1,100,4648,65,3096
1,0.5,0,1,37,3,0
1,0.5,0,5,228,4,95
1,0.5,0,10,400,8,78
1,0.5,0,20,774,17,300
1,0.5,0,50,2225,36,1291
1,0.5,0,100,4439,59,2954
1,0.5,0,1,49,1,0
1,0.5,0,5,489,6,81
1,0.5,0,10,521,11,74
1,0.5,0,20,913,21,224
1,0.5,0,50,2374,43,1065
1,0.5,0,100,5362,57,3522
1,0.5,0,1,49,1,0
1,0.5,0,5,238,6,0
1,0.5,0,10,444,10,35
1,0.5,0,20,1019,16,442
1,0.5,0,50,2126,39,1059
1,0.5,0,100,4380,56,3036
1,0.5,0,1,24,1,0
1,0.5,0,5,394,5,47
1,0.5,0,10,486,8,193
1,0.5,0,20,1263,18,411
1,0.5,0,50,2408,31,1341
1,0.5,0,100,4953,68,3534
1,0.5,0,1,46,1,0
1,0.5,0,5,150,5,9
1,0.5,0,10,562,11,1
1,0.5,0,20,910,13,356
1,0.5,0,50,2652,31,1671
1,0.5,0,100,4764,57,3087
1,0.5,0.25,1,139,1,0
1,0.5,0.25,5,213,5,0
1,0.5,0.25,10,515,10,42
1,0.5,0.25,20,845,18,165
1,0.5,0.25,50,2768,42,1362
1,0.5,0.25,100,4386,65,2787
1,0.5,0.25,1,52,1,0
1,0.5,0.25,5,231,5,43
1,0.5,0.25,10,377,10,88
1,0.5,0.25,20,1207,17,393
1,0.5,0.25,50,2315,33,1211
1,0.5,0.25,100,4806,58,3319
1,0.5,0.25,1,58,1,0
1,0.5,0.25,5,230,5,3
1,0.5,0.25,10,477,10,35
1,0.5,0.25,20,1178,18,479
1,0.5,0.25,50,2551,31,1450
1,0.5,0.25,100,4757,58,3160
1,0.5,0.25,1,204,1,0
1,0.5,0.25,5,246,5,0
1,0.5,0.25,10,423,8,107
1,0.5,0.25,20,1037,14,463
1,0.5,0.25,50,2104,38,993
1,0.5,0.25,100,4806,47,2996
1,0.5,0.25,1,55,1,0
1,0.5,0.25,5,207,6,2
1,0.5,0.25,10,477,10,32
1,0.5,0.25,20,586,17,123
1,0.5,0.25,50,2031,42,1045
1,0.5,0.25,100,4069,51,2884
1,0.5,0.5,1,24,2,0
1,0.5,0.5,5,258,7,0
1,0.5,0.5,10,421,11,108
1,0.5,0.5,20,688,18,125
1,0.5,0.5,50,2067,36,973
1,0.5,0.5,100,4500,55,3047
1,0.5,0.5,1,25,1,0
1,0.5,0.5,5,238,5,0
1,0.5,0.5,10,589,9,195
1,0.5,0.5,20,1047,19,398
1,0.5,0.5,50,2716,31,1756
1,0.5,0.5,100,4514,53,2948
1,0.5,0.5,1,82,1,0
1,0.5,0.5,5,176,7,7
1,0.5,0.5,10,289,10,17
1,0.5,0.5,20,1050,20,190
1,0.5,0.5,50,2489,35,1161
1,0.5,0.5,100,4820,67,3125
1,0.5,0.5,1,13,1,0
1,0.5,0.5,5,257,5,0
1,0.5,0.5,10,722,10,160
1,0.5,0.5,20,1246,19,313
1,0.5,0.5,50,2865,37,1730
1,0.5,0.5,100,4619,73,2421
1,0.5,0.5,1,53,1,0
1,0.5,0.5,5,250,4,48
1,0.5,0.5,10,492,11,56
1,0.5,0.5,20,1007,18,407
1,0.5,0.5,50,2285,30,1515
1,0.5,0.5,100,5004,57,3393
1,0.5,0.75,1,58,1,0
1,0.5,0.75,5,336,5,0
1,0.5,0.75,10,359,10,28
1,0.5,0.75,20,927,17,190
1,0.5,0.75,50,2093,35,947
1,0.5,0.75,100,5504,61,3596
1,0.5,0.75,1,42,1,0
1,0.5,0.75,5,119,5,0
1,0.5,0.75,10,498,10,200
1,0.5,0.75,20,897,18,222
1,0.5,0.75,50,2798,45,1433
1,0.5,0.75,100,4753,54,3638
1,0.5,0.75,1,12,1,0
1,0.5,0.75,5,314,4,63
1,0.5,0.75,10,477,10,6
1,0.5,0.75,20,1466,18,819
1,0.5,0.75,50,2279,35,1234
1,0.5,0.75,100,4722,71,3030
1,0.5,0.75,1,11,1,0
1,0.5,0.75,5,188,7,0
1,0.5,0.75,10,584,8,224
1,0.5,0.75,20,1005,14,371
1,0.5,0.75,50,2219,39,1092
1,0.5,0.75,100,4935,61,3065
1,0.5,0.75,1,25,1,0
1,0.5,0.75,5,106,6,0
1,0.5,0.75,10,441,9,97
1,0.5,0.75,20,1145,19,233
1,0.5,0.75,50,2461,45,793
1,0.5,0.75,100,4982,64,3398
1,0.5,1,1,55,1,0
1,0.5,1,5,146,5,0
1,0.5,1,10,622,13,19
1,0.5,1,20,874,20,164
1,0.5,1,50,2482,40,1177
1,0.5,1,100,4990,57,3566
1,0.5,1,1,93,1,0
1,0.5,1,5,172,5,0
1,0.5,1,10,464,8,120
1,0.5,1,20,630,20,87
1,0.5,1,50,2473,41,1228
1,0.5,1,100,4401,56,2914
1,0.5,1,1,15,1,0
1,0.5,1,5,331,5,38
1,0.5,1,10,356,9,64
1,0.5,1,20,1161,19,289
1,0.5,1,50,2283,32,1272
1,0.5,1,100,5192,68,3707
1,0.5,1,1,48,1,0
1,0.5,1,5,239,4,80
1,0.5,1,10,540,14,24
1,0.5,1,20,802,15,270
1,0.5,1,50,2657,37,1082
1,0.5,1,100,5239,64,3531
1,0.5,1,1,36,1,0
1,0.5,1,5,191,5,0
1,0.5,1,10,384,10,6
1,0.5,1,20,1119,18,159
1,0.5,1,50,2596,53,1022
1,0.5,1,100,4701,63,3087
1,0.75,0,1,19,1,0
1,0.75,0,5,137,5,12
1,0.75,0,10,463,11,20
1,0.75,0,20,1342,20,458
1,0.75,0,50,2672,33,1304
1,0.75,0,100,4128,57,2893
1,0.75,0,1,138,1,0
1,0.75,0,5,223,4,26
1,0.75,0,10,628,22,19
1,0.75,0,20,1051,16,428
1,0.75,0,50,2103,36,1095
1,0.75,0,100,4957,59,3368
1,0.75,0,1,12,1,0
1,0.75,0,5,112,6,0
1,0.75,0,10,415,11,20
1,0.75,0,20,644,18,191
1,0.75,0,50,2204,42,754
1,0.75,0,100,4410,56,2859
1,0.75,0,1,46,1,0
1,0.75,0,5,226,5,78
1,0.75,0,10,375,10,98
1,0.75,0,20,1344,29,286
1,0.75,0,50,2551,41,1437
1,0.75,0,100,4698,60,2842
1,0.75,0,1,35,1,0
1,0.75,0,5,244,5,0
1,0.75,0,10,301,9,47
1,0.75,0,20,1135,22,252
1,0.75,0,50,2277,44,1063
1,0.75,0,100,4696,55,3178
1,0.75,0.25,1,15,1,0
1,0.75,0.25,5,141,4,13
1,0.75,0.25,10,369,10,1
1,0.75,0.25,20,813,18,205
1,0.75,0.25,50,2821,36,1615
1,0.75,0.25,100,5122,66,3609
1,0.75,0.25,1,137,1,0
1,0.75,0.25,5,161,5,18
1,0.75,0.25,10,510,8,138
1,0.75,0.25,20,1125,19,336
1,0.75,0.25,50,2383,41,1075
1,0.75,0.25,100,4519,49,3060
1,0.75,0.25,1,11,1,0
1,0.75,0.25,5,305,6,0
1,0.75,0.25,10,394,8,118
1,0.75,0.25,20,1539,16,706
1,0.75,0.25,50,2780,41,1414
1,0.75,0.25,100,4882,72,3253
1,0.75,0.25,1,44,1,0
1,0.75,0.25,5,314,5,9
1,0.75,0.25,10,328,10,20
1,0.75,0.25,20,960,19,285
1,0.75,0.25,50,2443,30,1546
1,0.75,0.25,100,5142,52,3759
1,0.75,0.25,1,50,1,0
1,0.75,0.25,5,159,5,0
1,0.75,0.25,10,492,9,112
1,0.75,0.25,20,897,15,231
1,0.75,0.25,50,2382,50,910
1,0.75,0.25,100,4612,67,3068
1,0.75,0.5,1,19,1,0
1,0.75,0.5,5,186,8,0
1,0.75,0.5,10,412,8,177
1,0.75,0.5,20,1064,20,251
1,0.75,0.5,50,2592,32,1476
1,0.75,0.5,100,4791,59,3387
1,0.75,0.5,1,12,1,0
1,0.75,0.5,5,147,4,13
1,0.75,0.5,10,329,12,83
1,0.75,0.5,20,637,18,75
1,0.75,0.5,50,2136,33,1290
1,0.75,0.5,100,4847,57,3257
1,0.75,0.5,1,64,1,0
1,0.75,0.5,5,258,5,0
1,0.75,0.5,10,574,8,78
1,0.75,0.5,20,995,21,88
1,0.75,0.5,50,2865,34,1179
1,0.75,0.5,100,4544,54,3104
1,0.75,0.5,1,20,1,0
1,0.75,0.5,5,213,6,48
1,0.75,0.5,10,477,9,44
1,0.75,0.5,20,722,15,254
1,0.75,0.5,50,2461,34,1277
1,0.75,0.5,100,5584,70,3770
1,0.75,0.5,1,21,1,0
1,0.75,0.5,5,158,5,0
1,0.75,0.5,10,331,9,108
1,0.75,0.5,20,827,18,98
1,0.75,0.5,50,2655,29,1604
1,0.75,0.5,100,4798,63,3037
1,0.75,0.75,1,76,2,0
1,0.75,0.75,5,123,6,0
1,0.75,0.75,10,494,10,108
1,0.75,0.75,20,1334,24,283
1,0.75,0.75,50,2640,38,1540
1,0.75,0.75,100,4652,63,2989
1,0.75,0.75,1,139,1,0
1,0.75,0.75,5,262,5,0
1,0.75,0.75,10,578,9,143
1,0.75,0.75,20,853,18,258
1,0.75,0.75,50,2713,36,1538
1,0.75,0.75,100,4584,60,2845
1,0.75,0.75,1,25,1,0
1,0.75,0.75,5,216,5,0
1,0.75,0.75,10,490,10,80
1,0.75,0.75,20,1054,19,142
1,0.75,0.75,50,2762,33,1529
1,0.75,0.75,100,5115,64,3088
1,0.75,0.75,1,26,1,0
1,0.75,0.75,5,599,6,93
1,0.75,0.75,10,262,11,52
1,0.75,0.75,20,973,18,81
1,0.75,0.75,50,2140,38,1179
1,0.75,0.75,100,4598,56,3029
1,0.75,0.75,1,44,1,0
1,0.75,0.75,5,134,5,0
1,0.75,0.75,10,459,9,110
1,0.75,0.75,20,1007,18,400
1,0.75,0.75,50,2278,38,1170
1,0.75,0.75,100,4761,62,3210
1,0.75,1,1,111,1,0
1,0.75,1,5,197,6,7
1,0.75,1,10,271,10,103
1,0.75,1,20,957,18,329
1,0.75,1,50,2885,33,1722
1,0.75,1,100,4525,74,2447
1,0.75,1,1,44,1,0
1,0.75,1,5,138,5,0
1,0.75,1,10,372,10,4
1,0.75,1,20,913,19,246
1,0.75,1,50,2366,41,1231
1,0.75,1,100,4449,54,3087
1,0.75,1,1,18,1,0
1,0.75,1,5,257,5,11
1,0.75,1,10,379,11,51
1,0.75,1,20,772,18,124
1,0.75,1,50,2192,47,1014
1,0.75,1,100,4670,65,3047
1,0.75,1,1,37,2,0
1,0.75,1,5,389,5,7
1,0.75,1,10,606,10,140
1,0.75,1,20,908,19,229
1,0.75,1,50,2245,40,1081
1,0.75,1,100,4754,64,2905
1,0.75,1,1,32,1,0
1,0.75,1,5,216,6,14
1,0.75,1,10,549,13,44
1,0.75,1,20,977,15,358
1,0.75,1,50,1915,37,879
1,0.75,1,100,4699,65,2689
1,1,0,1,26,1,0
1,1,0,5,232,5,0
1,1,0,10,429,13,58
1,1,0,20,788,19,268
1,1,0,50,2303,30,1095
1,1,0,100,4438,59,3341
1,1,0,1,58,1,0
1,1,0,5,157,5,0
1,1,0,10,450,9,11
1,1,0,20,1006,17,165
1,1,0,50,2343,46,976
1,1,0,100,5378,62,3602
1,1,0,1,72,1,0
1,1,0,5,213,4,13
1,1,0,10,506,8,136
1,1,0,20,946,18,253
1,1,0,50,2703,32,1450
1,1,0,100,4253,66,2419
1,1,0,1,17,1,0
1,1,0,5,101,5,0
1,1,0,10,486,10,110
1,1,0,20,1326,20,187
1,1,0,50,2523,35,1399
1,1,0,100,4292,65,2480
1,1,0,1,48,1,0
1,1,0,5,284,6,0
1,1,0,10,470,8,201
1,1,0,20,909,20,151
1,1,0,50,3148,39,1674
1,1,0,100,4503,59,2779
1,1,0.25,1,71,1,0
1,1,0.25,5,240,5,0
1,1,0.25,10,414,10,51
1,1,0.25,20,850,18,308
1,1,0.25,50,2445,38,1130
1,1,0.25,100,4876,55,3503
1,1,0.25,1,15,1,0
1,1,0.25,5,201,5,0
1,1,0.25,10,469,9,56
1,1,0.25,20,953,32,166
1,1,0.25,50,2470,39,1112
1,1,0.25,100,4487,54,3024
1,1,0.25,1,69,2,0
1,1,0.25,5,94,6,0
1,1,0.25,10,734,10,126
1,1,0.25,20,682,19,30
1,1,0.25,50,2682,40,1560
1,1,0.25,100,5208,62,3570
1,1,0.25,1,11,1,0
1,1,0.25,5,312,5,10
1,1,0.25,10,374,9,32
1,1,0.25,20,905,15,233
1,1,0.25,50,1920,32,927
1,1,0.25,100,4767,54,3172
1,1,0.25,1,67,1,0
1,1,0.25,5,330,5,0
1,1,0.25,10,375,9,51
1,1,0.25,20,871,21,87
1,1,0.25,50,2291,36,1138
1,1,0.25,100,4840,58,3343
1,1,0.5,1,14,1,0
1,1,0.5,5,377,7,0
1,1,0.5,10,457,11,6
1,1,0.5,20,645,19,134
1,1,0.5,50,2479,43,1170
1,1,0.5,100,4836,61,2982
1,1,0.5,1,26,1,0
1,1,0.5,5,215,5,26
1,1,0.5,10,511,9,73
1,1,0.5,20,1331,21,508
1,1,0.5,50,2408,43,1360
1,1,0.5,100,4097,51,2797
1,1,0.5,1,12,1,0
1,1,0.5,5,435,5,126
1,1,0.5,10,498,11,113
1,1,0.5,20,931,18,326
1,1,0.5,50,2539,37,1138
1,1,0.5,100,4421,63,2751
1,1,0.5,1,21,2,0
1,1,0.5,5,214,5,5
1,1,0.5,10,408,10,0
1,1,0.5,20,958,20,289
1,1,0.5,50,2440,45,891
1,1,0.5,100,4917,73,2957
1,1,0.5,1,72,1,0
1,1,0.5,5,249,5,0
1,1,0.5,10,557,10,38
1,1,0.5,20,925,20,142
1,1,0.5,50,2374,45,1213
1,1,0.5,100,4889,58,3181
1,1,0.75,1,71,1,0
1,1,0.75,5,275,5,1
1,1,0.75,10,706,12,219
1,1,0.75,20,907,18,295
1,1,0.75,50,2134,41,1122
1,1,0.75,100,5121,75,2812
1,1,0.75,1,18,1,0
1,1,0.75,5,270,5,58
1,1,0.75,10,640,10,241
1,1,0.75,20,1095,17,376
1,1,0.75,50,2909,39,1696
1,1,0.75,100,5513,61,3986
1,1,0.75,1,44,1,0
1,1,0.75,5,136,6,0
1,1,0.75,10,395,9,45
1,1,0.75,20,919,18,229
1,1,0.75,50,2542,32,1422
1,1,0.75,100,5144,65,3201
1,1,0.75,1,216,1,0
1,1,0.75,5,260,4,149
1,1,0.75,10,435,10,45
1,1,0.75,20,862,16,342
1,1,0.75,50,2333,35,1344
1,1,0.75,100,5177,65,3562
1,1,0.75,1,122,1,0
1,1,0.75,5,239,5,0
1,1,0.75,10,497,10,191
1,1,0.75,20,784,18,204
1,1,0.75,50,3092,42,1694
1,1,0.75,100,4978,65,3105
1,1,1,1,38,1,0
1,1,1,5,202,5,0
1,1,1,10,483,9,114
1,1,1,20,1117,16,480
1,1,1,50,2833,51,1391
1,1,1,100,5456,64,3518
1,1,1,1,16,1,0
1,1,1,5,158,6,0
1,1,1,10,355,9,61
1,1,1,20,980,20,104
1,1,1,50,2455,47,1248
1,1,1,100,5173,55,3181
1,1,1,1,27,1,0
1,1,1,5,218,6,0
1,1,1,10,473,11,1
1,1,1,20,953,17,225
1,1,1,50,2278,42,963
1,1,1,100,3829,57,2357
1,1,1,1,19,1,0
1,1,1,5,184,5,7
1,1,1,10,301,10,36
1,1,1,20,798,19,201
1,1,1,50,2244,34,1028
1,1,1,100,5298,61,3638
1,1,1,1,16,1,0
1,1,1,5,413,5,1
1,1,1,10,519,11,43
1,1,1,20,879,17,307
1,1,1,50,2289,38,1090
1,1,1,100,5471,60,3754
